AvyYear,YYYY,MM,DD,Date,Location,Setting,State,lat,lon,PrimaryActivity,TravelMode,Killed,Description,HasLocation,HasDescription,SettingCode,IsClosedTerrain,SettingLabel,MentionsInjured,MentionsCriticalBurial,AlternateCause,PeopleCaught,PeopleCaughtParsed,PeopleInjured
2025,2025,6,10,2025-06-10,"Rescue Gully, West Buttress Mt. McKinley",BC,AK,63.079,-151.06,Climber,Ski,1,"2 climbers caught, 1 partially buried - critical and killed, 1 partially buried",True,True,BC,False,Backcountry,False,True,standard_burial,2,True,
2025,2025,3,22,2025-03-22,"Seattle Ridge, northwest of Turnagain Pass",BC,AK,60.815,-149.219,Snowmobiler,Snowmobile,1,"1 snowmobiler caught, buried, and killed",True,True,BC,False,Backcountry,False,False,standard_burial,1,True,
2025,2025,3,13,2025-03-13,"Mt Bailey, west of Chemult",BC,OR,43.163,-122.227,Mechanized Guided Client,Ski,1,"1 mechanized guided and 4 clients caught, 1 guide and 1 client partially buried, 1 client fully buried and killed",True,True,BC,False,Backcountry,False,False,standard_burial,1,True,
2025,2025,3,7,2025-03-07,"Hoyt Peak, northeast of Kamas",BC,UT,40.691,-111.199,Backcountry Tourer,Ski,1,"1 backcountry tourer caught, buried, and killed",True,True,BC,False,Backcountry,False,False,standard_burial,1,True,
2025,2025,3,4,2025-03-04,West Fork Twentymile River,BC,AK,60.857,-148.953,Mechanized Guided Client,Ski,3,"3 guided clients caught, buried, and killed",True,True,BC,False,Backcountry,False,False,standard_burial,3,True,
2025,2025,2,28,2025-02-28,Harts Pass,BC,WA,48.72,-120.67,Snowmobiler,Snowmobile,1,"3 snowmobilers caught, 1 injured, and 1 buried and killed",True,True,BC,False,Backcountry,True,False,standard_burial,3,True,1.0
2025,2025,2,22,2025-02-22,"Mines Peak, east of Berthoud Pass",BC,CO,39.8,-105.773,Backcountry Tourer,Snowboard,1,"1 backcountry tourer caught, buried, and killed",True,True,BC,False,Backcountry,False,False,standard_burial,1,True,
2025,2025,2,20,2025-02-20,"Middle Fork of Mineral Creek, west of Silverton",BC,CO,37.844,-107.774,Backcountry Tourer,Snowboard,1,"2 backcountry tourers caught, 1 buried and killed",True,True,BC,False,Backcountry,False,False,standard_burial,2,True,
2025,2025,2,17,2025-02-17,Powderhouse Peak south of Lake Tahoe,BC,CA,38.788,-119.946,Backcountry Tourer,Ski,1,1 backcountry tourer buried and killed,True,True,BC,False,Backcountry,False,False,standard_burial,1,True,
2025,2025,2,17,2025-02-17,Happy Valley west of Bend,BC,OR,44.061,-121.616,Backcountry Tourer,Ski,2,"2 backcountry tourers caught, buried, and killed",True,True,BC,False,Backcountry,False,False,standard_burial,2,True,
2025,2025,2,14,2025-02-14,"Lincoln Mountain, west of Bishop",SA,CA,37.628,-119.033,Ski Patroller,Ski ,1,"2 ski patrollers buried, 1 killed",True,True,SA,False,Ski Area,False,False,standard_burial,2,True,
2025,2025,2,8,2025-02-08,Silver Fork Canyon,BC,UT,40.602,-111.617,Human-Powered Guide,Ski,1,"1 human-powered guided client partially buried and injured, 1 human-powered guide completely buried and killed",True,True,BC,False,Backcountry,True,False,standard_burial,1,True,
2025,2025,2,3,2025-02-03,"Monte Cristo Peak, east of Huntsville",BC,UT,41.411,-111.524,Snowmobiler,Snowmobile,1,"1 snowmobiler caught, buried, and killed",True,True,BC,False,Backcountry,False,False,standard_burial,1,True,
2025,2025,1,7,2025-01-07,"Red Mountain Number 3, east of Red Mountain Pass",BC,CO,37.904,-107.697,Backcountry Tourer,Ski,1,"1 backcountry tourer caught, buried, and killed",True,True,BC,False,Backcountry,False,False,standard_burial,1,True,
2025,2025,1,4,2025-01-04,"Radio Tower Peak, northeast of Togwotee Pass",BC,WY,43.762,-110.056,Backcountry Tourer,Ski,1,"2 backcountry tourers caught, 1 partially buried -critical and injured, 1 buried and killed",True,True,BC,False,Backcountry,True,True,standard_burial,2,True,
2025,2024,12,31,2024-12-31,"Davenport Hill, Big Cottonwood Canyon",BC,UT,40.601,-111.622,Backcountry Tourer,Snowboard,1,1 backcountry tourer completely buried and killed,True,True,BC,False,Backcountry,False,False,standard_burial,1,True,
2025,2024,12,28,2024-12-28,"Porter Fork Pass, northwest of Mt Raymond",BC,UT,40.66,-111.709,Backcountry Tourer,Snowboard,1,1 backcountry tourer buried and killed,True,True,BC,False,Backcountry,False,False,standard_burial,1,True,
2025,2024,12,28,2024-12-28,"Lamoille Canyon, southeast of Elko, Nevada",BC,NV,40.592,-115.39,Snowbiker,Snowbike,1,"1 motorized snowbiker caught, buried, and killed",True,True,BC,False,Backcountry,False,False,standard_burial,1,True,
2025,2024,12,15,2024-12-15,"Lookout Peak, west of Cascade",BC,ID,44.524,-116.163,Snowbiker,Snowbike,1,"2 motorized snowbikers caught, 1 buried and killed",True,True,BC,False,Backcountry,False,False,standard_burial,2,True,
2024,2024,5,10,2024-05-10,"Donaldson Peak, Lost River Range",BC,ID,44.0640242,-113.7003046,Backcountry Tourer,Foot,1,"1 backcountry skier caught, fully buried, and killed",True,True,BC,False,Backcountry,False,False,standard_burial,1,True,
2024,2024,5,9,2024-05-09,"Big Willow Aprons, northeast of Lone Peak",BC,UT,40.53246,-111.76147,Backcountry Tourer,Foot,2,"3 backcountry skiers caught, 1 partially buried and injured, 2 buried and killed",True,True,BC,False,Backcountry,True,False,standard_burial,3,True,
2024,2024,3,29,2024-03-29,Mount Saint Helens,BC,WA,46.1912934,-122.1947104,Backcountry Tourer,Foot,1,1 backcountry snowboarder caught and killed,True,True,BC,False,Backcountry,False,False,standard_burial,1,True,
2024,2024,3,12,2024-03-12,"West Fork Camp Creek near Lost Trail Pass, Bitterroot Mountains",BC,MT,45.7035962,-113.9783961,Backcountry Tourer,Ski,1,1 backcountry skier caught and killed,True,True,BC,False,Backcountry,False,False,standard_burial,1,True,
2024,2024,3,6,2024-03-06,"Gunsight Peak, Elkhorn Mountains",BC,OR,44.9605746,-118.2452416,Backcountry Tourer,Ski,1,1 backcountry skier caught and killed,True,True,BC,False,Backcountry,False,False,standard_burial,1,True,
2024,2024,3,1,2024-03-01,"Darland Mountain, Ahtanum Meadows",BC,WA,46.521,-121.201,Snowmobiler,Snowmobile,1,"1 snowmobiler caught, buried, and killed",True,True,BC,False,Backcountry,False,False,standard_burial,1,True,
2024,2024,3,1,2024-03-01,"Gunsight Peak, McCormick Creek, Selkirk Mountains",BC,ID,48.6645789,-116.6330051,Snowmobiler,Snowmobile,1,"1 snowmobilers caught, buried, and killed",True,True,BC,False,Backcountry,False,False,standard_burial,1,True,
2024,2024,2,13,2024-02-13,"John Mountain, Kenai Mountains",BC,AK,60.5735,-149.5375,Backcountry Tourer,Ski,1,"3 backcountry skiers caught, 2 injured, 1 killed",True,True,BC,False,Backcountry,True,False,standard_burial,3,True,2.0
2024,2024,2,11,2024-02-11,"Anthracite Range, east of Ohio Peak",BC,CO,38.82363,-107.10271,Backcountry Tourer,Ski,1,"1 backcountry skier caught, buried, and killed",True,True,BC,False,Backcountry,False,False,standard_burial,1,True,
2024,2024,2,9,2024-02-09,"West Fork of Haskins Creek, west of Battle Pass",BC,WY,41.17213,-107.05977,Snowmobiler,Snowmobile,1,"2 snowmobilers caught, 1 partially buried-critical and killed",True,True,BC,False,Backcountry,False,True,standard_burial,2,True,
2024,2024,2,2,2024-02-02,"Lake George, Chugach Mountains",BC,AK,61.16998,-148.63798,Mechanized Guide,Ski,1,1 heliskier caught and killed,True,True,BC,False,Backcountry,False,False,standard_burial,1,True,
2024,2024,1,22,2024-01-22,"Waterfall Canyon, south of Ophir",BC,CO,37.84402,-107.82304,Backcountry Tourer,Snowboard,1,"1 backcountry snowboarder caught, partially buried, and killed",True,True,BC,False,Backcountry,False,False,standard_burial,1,True,
2024,2024,1,14,2024-01-14,"Little Poudre Mountain, Prater Canyon",BC,WY,42.9937844,-110.9300092,Backcountry Tourer,Ski,1,"1 backcountry skier caught, buried and killed",True,True,BC,False,Backcountry,False,False,standard_burial,1,True,
2024,2024,1,11,2024-01-11,"Stevens Peak, Lone Lake Drainage, Bitterroot Mountains",BC,ID,47.4311,-115.77878,Backcountry Tourer,Ski,1,"2 backcountry skiers caught, 1 injured, 1 partially buried-critical and killed",True,True,BC,False,Backcountry,True,True,standard_burial,2,True,1.0
2024,2024,1,10,2024-01-10,"KT-22, Sierra Nevada",SA,CA,39.18297,-120.2418114,Inbounds Rider,Ski,1,"1 rider injured, 1 killed",True,True,SA,False,Ski Area,True,False,standard_burial,1,True,
2023,2023,7,2,2023-07-02,"Split Mountain, southwest of Big Pine",BC,CA,37.02083,-118.4223,Hiker,Foot,1,"3 hikers caught, 2 injured, 1 killed",True,True,BC,False,Backcountry,True,False,standard_burial,3,True,2.0
2023,2023,6,14,2023-06-14,"Hurd Peak, southwest of Bishop",BC,CA,37.1428002,-118.566151,Backcountry Tourer,Ski,1,"2 backcountry tourers caught, 1 killed",True,True,BC,False,Backcountry,False,False,standard_burial,2,True,
2023,2023,5,5,2023-05-05,West Ridge of the Moose's Tooth,BC,AK,62.969167,-150.613333,Climber,Foot,2,"2 climbers caught, killed",True,True,BC,False,Backcountry,False,False,standard_burial,2,True,
2023,2023,5,4,2023-05-04,"Denali National Park, near Jenny Creek",BC,AK,63.7195059,-148.9840132,Backcountry Tourer,Ski,1,1 backcountry skier caught and killed,True,True,BC,False,Backcountry,False,False,standard_burial,1,True,
2023,2023,4,29,2023-04-29,"Bald Mountain, southeast of Breckenridge",BC,CO,39.445508,-105.9597,Backcountry Tourer,Ski,1,"1 backcountry tourer caught, buried, and killed",True,True,BC,False,Backcountry,False,False,standard_burial,1,True,
2023,2023,4,17,2023-04-17,"Big Cottonwood Creek, east of Sandy",TN,UT,40.6035668,-111.5827335,Resident,Foot,1,"1 resident caught, partially buried-critical, and killed",True,True,TN,False,Town/Urban,False,True,standard_burial,1,True,
2023,2023,3,27,2023-03-27,"Pole Canyon, Oquirrh Moutains",BC,UT,40.3694652,-112.1919349,Snowmobiler,Snowmobile,1,"1 snowmobiler caught, buried, and killed",True,True,BC,False,Backcountry,False,False,standard_burial,1,True,
2023,2023,3,22,2023-03-22,"Trinity Lakes, east of Boise",BC,ID,43.6236384,-115.4286397,Snowmobiler,Snowmobile,1,"1 snowmobiler caught, buried, and killed",True,True,BC,False,Backcountry,False,False,standard_burial,1,True,
2023,2023,3,19,2023-03-19,"Maroon Bowl, north of Highland Peak",BC,CO,39.13463,-106.8772,Sidecountry Rider,Ski,1,"1 sidecountry rider caught, partially buried-critical, and killed",True,True,BC,False,Backcountry,False,True,standard_burial,1,True,
2023,2023,3,17,2023-03-17,"Rapid Creek, southwest of Marble",BC,CO,39.0476462,-107.2575098,Backcountry Tourer,Ski,1,"3 backcountry tourers caught, 2 injured, 1 buried and killed",True,True,BC,False,Backcountry,True,False,standard_burial,3,True,2.0
2023,2023,3,16,2023-03-16,"Purgatory Creek, north of Durango",TN,CO,37.62916,-107.813734,Resident,Foot,1,"3 residents caught, buried, and 1 killed",True,True,TN,False,Town/Urban,False,False,standard_burial,3,True,
2023,2023,3,15,2023-03-15,"Paulina Peak, south of Bend",BC,OR,43.69245,-121.25478,Backcountry Tourer,Snowboard,1,1 backcountry snowboarder killed,True,True,BC,False,Backcountry,False,False,standard_burial,1,True,
2023,2023,3,12,2023-03-12,"Red Mountain, northeast of Lowman",BC,ID,44.2544096,-115.4064953,Snowmobiler,Snowmobile,1,1 snowmobiler caught and killed,True,True,BC,False,Backcountry,False,False,standard_burial,1,True,
2023,2023,3,12,2023-03-12,"Observation Peak, Stanley Lake Creek Drainage",BC,ID,44.1719826,-115.1058438,Snowmobiler,Snowmobile,1,"1 snowmobiler caught, buried, and killed",True,True,BC,False,Backcountry,False,False,standard_burial,1,True,
2023,2023,3,9,2023-03-09,"Upper Weber Canyon, southwest of Windy Ridge",BC,UT,40.8384427,-111.0212427,Mechanized Guided Client,Ski,1,"2 skiers caught and fully buried, 1 injured and 1 killed",True,True,BC,False,Backcountry,True,False,standard_burial,2,True,1.0
2023,2023,3,2,2023-03-02,"Black Crater, west of Sisters",BC,OR,44.2683117,-121.7384841,Backcountry Tourer,Ski,1,"1 backcountry skier caught, partially buried-critical, and killed",True,True,BC,False,Backcountry,False,True,standard_burial,1,True,
2023,2023,2,25,2023-02-25,South of Vallecito Reservoir,BC,CO,37.3689262,-107.5720981,Backcountry Tourer,Ski,2,"2 backcountry skiers caught, buried, and killed",True,True,BC,False,Backcountry,False,False,standard_burial,2,True,
2023,2023,2,25,2023-02-25,"Red Lakes Trailhead, near La Manga Pass",BC,CO,37.07843,-106.41289,Snowmobiler,Snowmobile,1,"1 snowmobiler caught, buried, and killed",True,True,BC,False,Backcountry,False,False,standard_burial,1,True,
2023,2023,2,23,2023-02-23,"Poker Flats, Salt River Range",BC,WY,42.5236,-110.7626,Snowmobiler,Snowmobile,1,"1 snowmobiler caught, buried, and killed",True,True,BC,False,Backcountry,False,False,standard_burial,1,True,
2023,2023,2,19,2023-02-19,"Colchuck Peak, southwest of Leavenworth",BC,WA,47.47885,-120.84439,Climber,Foot,3,"4 climbers caught, 3 killed, 1 injured",True,True,BC,False,Backcountry,True,False,standard_burial,4,True,1.0
2023,2023,1,9,2023-01-09,"Mummy Mountain, Spring Mountain National Recreation Area",BC,NV,36.3002511,-115.6475213,Backcountry Tourer,Snowboard,1,"1 backcountry snowboarder, caught, partially buried-critical, and killed",True,True,BC,False,Backcountry,False,True,standard_burial,1,True,
2023,2023,1,7,2023-01-07,"Pumphouse Lake, southwest of Rollins Pass",BC,CO,39.92446,-105.69068,Snowmobiler,Snowmobile,2,"2 snowmobilers caught, buried, and killed",True,True,BC,False,Backcountry,False,False,standard_burial,2,True,
2023,2022,12,31,2022-12-31,"Crown Butte, north of Cooke City",BC,MT,45.05148,-109.96152,Snowmobiler,Snowmobile,1,"1 snowmobiler caught, buried, and killed",True,True,BC,False,Backcountry,False,False,standard_burial,1,True,
2023,2022,12,31,2022-12-31,"Number 5, Carter Gulch southwest of Breckenridge",BC,CO,39.4521,-106.0758069,Sidecountry Rider,Ski,1,"2 sidecountry riders caught, 1 partially buried-critical, 1 buried and killed",True,True,BC,False,Backcountry,False,True,standard_burial,2,True,
2023,2022,12,26,2022-12-26,"Nitro Chute, north of Berthoud Pass",BC,CO,39.802025,-105.781271,Backcountry Tourer,Ski,1,"4 backcountry tourers caught, 2 fully buried, and 1 killed",True,True,BC,False,Backcountry,False,False,standard_burial,4,True,
2022,2022,5,29,2022-05-29,"Mount Meeker, Rocky Mountain National Park",BC,CO,40.25337,-105.600944,Climber,Foot,1,"3 climbers caught, 1 partially buried, 1 injured, 1 buried and killed",True,True,BC,False,Backcountry,True,False,standard_burial,3,True,1.0
2022,2022,4,25,2022-04-25,"Ice Face, southeast of Thompson Pass, Chugach Mountains",BC,AK,61.1262988,-145.7271624,Mechanized Guide,Ski,1,"1 skier caught, carried over cliff, and killed",True,True,BC,False,Backcountry,False,False,standard_burial,1,True,
2022,2022,3,19,2022-03-19,"North Fork of Fish Creek, near Steamboat Springs",BC,CO,40.50566,-106.72047,Backcountry Tourer,Ski,1,"1 backcountry skier caught, partially buried-critical, and killed",True,True,BC,False,Backcountry,False,True,standard_burial,1,True,
2022,2022,3,17,2022-03-17,"Game Creek Drainage, east of Victor Idaho",BC,WY,43.594646,-111.011139,Backcountry Tourer,Ski,1,"2 skiers caught, 2 fully buried, 1 injured, and 1 killed",True,True,BC,False,Backcountry,True,False,standard_burial,2,True,1.0
2022,2022,3,17,2022-03-17,"Pilot Knob, east of Lizard Head Pass",BC,CO,37.811,-107.838,Backcountry Tourer,Snowboard,1,"1 backcountry snowboarder caught, buried, and killed",True,True,BC,False,Backcountry,False,False,standard_burial,1,True,
2022,2022,3,12,2022-03-12,"South Fork Miner Creek, Sierra Madre Mountains",BC,WY,41.08325,-106.88938,Snowmobiler,Snowmobile,1,"1 snowmobiler caught, buried, and killed",True,True,BC,False,Backcountry,False,False,standard_burial,1,True,
2022,2022,2,25,2022-02-25,Yule Creek,BC,CO,39.0633427,-107.1758918,Resident,Snowshoe,1,"3 snowshoers caught, 2 partially buried, 1 buried and killed. 2 dogs killed",True,True,BC,False,Backcountry,False,False,standard_burial,3,True,
2022,2022,2,19,2022-02-19,"Miller Mountain, North of Cook City",BC,MT,45.0466424,-109.9771345,Snowmobiler,Snowbike,1,"1 motorized snowbike rider caught, partially buried-critical, and killed",True,True,BC,False,Backcountry,False,True,standard_burial,1,True,
2022,2022,2,6,2022-02-06,Lionhead area near West Yellowstone,BC,MT,44.7007794,-111.2909701,Snowmobiler,Snowmobile,1,"1 snowmobiler caught, partially buried-critical, and killed",True,True,BC,False,Backcountry,False,True,standard_burial,1,True,
2022,2022,1,8,2022-01-08,"North Star Mountain, Hoosier Pass",BC,CO,39.3698477,-106.0733894,Hiker,Snowshoe,2,"2 snowshoers and a dog caught, buried, and killed",True,True,BC,False,Backcountry,False,False,standard_burial,2,True,
2022,2021,12,27,2021-12-27,"Scotch Bonnet Mountain, north of Cooke City",BC,MT,45.07147,-109.94407,Snowmobiler,Snowmobile,2,"2 snowmobilers caught, buried, and killed",True,True,BC,False,Backcountry,False,False,standard_burial,2,True,
2022,2021,12,24,2021-12-24,"Diamond Peaks, Cameron Pass",BC,CO,40.5108549,-105.8907319,Backcountry Tourer,Ski,1,"1 backcountry skier caught, fully buried, and killed",True,True,BC,False,Backcountry,False,False,standard_burial,1,True,
2022,2021,12,17,2021-12-17,Relay Ridge near Ryan Peak,BC,ID,43.7069491,-111.3444239,Hybrid Rider,Snowmobile,2,1 skier and 1 snowmobiler killed,True,True,BC,False,Backcountry,False,False,standard_burial,,False,
2022,2021,12,11,2021-12-11,"Silver Basin, closed portion of Crystal Mountain ski resort",SA-closed terrain,WA,46.9037942,-121.4954424,Backcountry Tourer,Ski,1,"6 backcountry tourers caught, 2 partially buried, 4 buried, and 1 killed",True,True,SA,True,Ski Area,False,False,standard_burial,6,True,
2021,2021,5,13,2021-05-13,"Ruth Glacier, Denali National Park and Preserve",BC,AK,62.99264,-150.71404,Climber,Foot,1,"2 climbers caught in serac fall, 1 killed",True,True,BC,False,Backcountry,False,False,serac_fall,2,True,
2021,2021,3,27,2021-03-27,Matanuska Glacier,BC,AK,61.79476,-147.73927,Mechanized Guided Client,Ski,1,1 heliskier killed,True,True,BC,False,Backcountry,False,False,standard_burial,1,True,
2021,2021,3,22,2021-03-22,Lime Creek south of Edwards,BC,CO,39.5776,-106.5548,Sidecountry Rider,Ski,1,1 sidecountry skier caught and killed,True,True,BC,False,Backcountry,False,False,standard_burial,1,True,
2021,2021,3,20,2021-03-20,"Frog Lake Cliffs, north of Donner Pass",BC,CA,39.36713,-120.32926,Snowmobiler,Foot,1,1 snowmobiler caught and killed,True,True,BC,False,Backcountry,False,False,standard_burial,1,True,
2021,2021,2,27,2021-02-27,"Tiger Peak, north of Burke",BC,ID,47.537,-115.82937,Snowmobiler,Snowmobile,1,"4 snowmobilers caught, 1 buried, 1 buried and killed",True,True,BC,False,Backcountry,False,False,standard_burial,4,True,
2021,2021,2,22,2021-02-22,"Broken Thumb Couloir, Peak 9,975 (25 Short), Grand Teton National Park",BC,WY,43.69679,-110.79015,Backcountry Tourer,Snowboard,1,1 backcountry tourer caught and killed,True,True,BC,False,Backcountry,False,False,standard_burial,1,True,
2021,2021,2,20,2021-02-20,"Near Castle Lake, Ruby Mountains, Southeast of Elko",BC,NV,40.56855,-115.39873,Snowmobiler,Snowmobile,1,"2 snowmobilers caught, 1 buried and killed, 1 injured",True,True,BC,False,Backcountry,True,False,standard_burial,2,True,1.0
2021,2021,2,20,2021-02-20,"Near Sherman Peak, Southeast of Pocatello",BC,ID,42.46526,-111.54934,Snowmobiler,Snowmobile,1,"1 snowmobiler, caught, buried, and killed",True,True,BC,False,Backcountry,False,False,standard_burial,1,True,
2021,2021,2,19,2021-02-19,"Smiley Creek Drainage, Smoky Mountains",BC,ID,43.812,-114.84442,Snowmobiler,Snowmobile,1,One snowmobiler killed,True,True,BC,False,Backcountry,False,False,standard_burial,1,True,
2021,2021,2,18,2021-02-18,"Togwotee Pass, WY",BC,WY,43.75778,-110.06862,Backcountry Tourer,Snowboard,1,1 snowboarder killed,True,True,BC,False,Backcountry,False,False,standard_burial,1,True,
2021,2021,2,17,2021-02-17,"Squaw Creek Drainage, Southeast of Alpine, WY",BC,WY,43.1507,-110.9939,Snowmobiler,Snowmobile,1,"1 snowmobiler caught, buried and killed",True,True,BC,False,Backcountry,False,False,standard_burial,1,True,
2021,2021,2,16,2021-02-16,"West of Ruby Mountain, southeast of Rand",BC,CO,40.3544,-105.96973,Snowmobiler,Snowmobile,1,"2 snowmobilers caught, 1 partially buried, 1 buried and killed",True,True,BC,False,Backcountry,False,False,standard_burial,2,True,
2021,2021,2,14,2021-02-14,"Beehive Basin, north of Big Sky Montana",BC,MT,45.3407,-111.391,Backcountry Tourer,Snowboard,1,"2 splitboarders caught, 1 partially buried and killed",True,True,BC,False,Backcountry,False,False,standard_burial,2,True,
2021,2021,2,14,2021-02-14,"Near Mount Trelease, north of Loveland Pass",BC,CO,39.6927,-105.8909,Backcountry Tourer,Snowboard,1,"1 backcountry snowboarder caught, partially-buried critical, killed",True,True,BC,False,Backcountry,False,True,standard_burial,1,True,
2021,2021,2,14,2021-02-14,"Pumphouse Lake, southwest of Rollins Pass",BC,CO,39.93438,-105.68267,Snowmobiler,Snowmobile,1,"1 snowmobiler caught, partially buried-critical, and killed",True,True,BC,False,Backcountry,False,True,standard_burial,1,True,
2021,2021,2,8,2021-02-08,"Knox Creek, Salmon la Sac area, near Cle Elum Lake",BC,WA,47.37055,-121.11164,Snowmobiler,Snowbike,1,"2 snowbikers caught, 1 buried and killed",True,True,BC,False,Backcountry,False,False,standard_burial,2,True,
2021,2021,2,6,2021-02-06,"Wounded Buck Creek, northwest of Wildcat Lake",BC,MT,48.23555,-113.96937,Snowmobiler,Snowmobile,1,"5 snowmobilers caught, 1 partially buried-critical and killed",True,True,BC,False,Backcountry,False,True,standard_burial,5,True,
2021,2021,2,6,2021-02-06,"Wilson Glade, Mill Creek Canyon",BC,UT,40.67619,-111.67168,Backcountry Tourer,Ski,4,"7 backcountry tourers caught, 1 partially buried, 2 buried, 4 buried and killed",True,True,BC,False,Backcountry,False,False,standard_burial,7,True,
2021,2021,2,4,2021-02-04,"Marvin’s West, East Vail backcountry southeast of Vail",BC,CO,39.6059,-106.2956,Sidecountry Rider,Ski,1,"2 sidecountry skiers caught, 1 buried and killed",True,True,BC,False,Backcountry,False,False,standard_burial,2,True,
2021,2021,2,3,2021-02-03,"Etna Summit, west of Etna",BC,CA,41.39009,-122.98229,Backcountry Tourer,Ski,1,"2 backcountry tourers caught, 1 partially buried, 1 buried and killed",True,True,BC,False,Backcountry,False,False,standard_burial,2,True,
2021,2021,2,2,2021-02-02,"Bear Mountain, Chugach State Park",BC,AK,61.41102,-149.38629,Climber,Foot,3,"3 climbers caught, buried, and killed",True,True,BC,False,Backcountry,False,False,standard_burial,3,True,
2021,2021,2,1,2021-02-01,"The Nose, Middle Fork Mineral Creek southeast of Ophir",BC,CO,37.84364,-107.76892,Backcountry Tourer,Ski,3,"4 backcountry skiers caught and buried, 3 killed",True,True,BC,False,Backcountry,False,False,standard_burial,4,True,
2021,2021,2,1,2021-02-01,"Ammonoosuc Ravine, north of Mount Monroe",BC,NH,44.25602,-71.32073,Backcountry Tourer,Ski,1,"1 backcountry skier caught, buried, and killed",True,True,BC,False,Backcountry,False,False,standard_burial,1,True,
2021,2021,1,30,2021-01-30,"Squaretop, Park City Ridgeline",BC,UT,40.66465,-111.60109,Sidecountry Rider,Ski,1,"1 skier caught, buried, and killed",True,True,BC,False,Backcountry,False,False,standard_burial,1,True,
2021,2021,1,8,2021-01-08,"Dutch Draw, Park City Ridgeline",BC,UT,40.6529,-111.59156,Sidecountry Rider,Snowboard,1,"1 sidecountry rider caught, buried, and killed",True,True,BC,False,Backcountry,False,False,standard_burial,1,True,
2021,2020,12,26,2020-12-26,"First Creek, north of Berthoud Pass",BC,CO,39.8261,-105.772,Backcountry Tourer,Ski,1,"1 skier caught, buried, and killed",True,True,BC,False,Backcountry,False,False,standard_burial,1,True,
2021,2020,12,19,2020-12-19,"North Face of Battleship, southeast of Ophir",BC,CO,37.82931,-107.74661,Backcountry Tourer,Ski,2,"2 backcountry skiers caught, buried, and killed",True,True,BC,False,Backcountry,False,False,standard_burial,2,True,
2021,2020,12,18,2020-12-18,"Near Sheep Pass, Salt River Range",BC,WY,42.60289,-110.75731,Snowmobiler,Snowmobile,1,"1 snowmobiler caught, buried and killed",True,True,BC,False,Backcountry,False,False,standard_burial,1,True,
2021,2020,12,18,2020-12-18,"Near Ohio Pass, Anthracite Range",BC,CO,38.83428,-107.09508,Backcountry Tourer,Ski,1,"1 backcountry skier caught, buried, and killed",True,True,BC,False,Backcountry,False,False,standard_burial,1,True,
2020,2020,4,28,2020-04-28,"Mount Emmons, west of Crested Butte",BC,CO,38.89532,-107.03138,Backcountry Tourer,Ski,1,"1 backcountry skier caught, killed",True,True,BC,False,Backcountry,False,False,standard_burial,1,True,
2020,2020,4,15,2020-04-15,"Point 12885 near Red Peak, west of Silverthorne",BC,CO,39.6458,-106.15636,Backcountry Tourer,Ski,1,"2 backcountry tourers caught and carried, 1 killed",True,True,BC,False,Backcountry,False,False,standard_burial,2,True,
2020,2020,4,3,2020-04-03,"Austin Canyon, Snake River Range",BC,ID,43.35006,-111.21846,Snowmobiler,Snowmobile,1,"1 snowmobiler caught, buried, and killed",True,True,BC,False,Backcountry,False,False,standard_burial,1,True,
2020,2020,4,1,2020-04-01,"Taylor Mountain, northwest of Teton Pass",BC,WY,43.53018,-110.98117,Backcountry Tourer,Snowboard,1,"1 backcountry tourer caught, buried, and killed",True,True,BC,False,Backcountry,False,False,standard_burial,1,True,
2020,2020,3,15,2020-03-15,North of Skyline Peak,BC,ID,42.76727,-112.13999,Sidecountry Rider,Ski,1,"2 sidecountry riders caught, 1 partially buried, 1 buried and killed",True,True,BC,False,Backcountry,False,False,standard_burial,2,True,
2020,2020,3,9,2020-03-09,Near Hatcher Pass,BC,AK,61.76992,-149.31278,Backcountry Tourer,Snowboard,1,"1 backcountry tourer caught, killed",True,True,BC,False,Backcountry,False,False,standard_burial,1,True,
2020,2020,2,25,2020-02-25,Unalaska Island,BC,AK,53.87779,-166.53277,Snowmobiler,Snowmobile,1,"1 snowmobiler caught, buried, and killed",True,True,BC,False,Backcountry,False,False,standard_burial,1,True,
2020,2020,2,15,2020-02-15,"South Fork of Dickson Creek, east of Red and White Mountain",BC,CO,39.6897,-106.4702,Snowmobiler,Snowbike,2,"3 snowbike riders caught, 1 partially buried, 2 buried and killed",True,True,BC,False,Backcountry,False,False,standard_burial,3,True,
2020,2020,2,10,2020-02-10,"Boulder Creek Drainage, South of Cooper Landing",BC,AK,60.31759,-149.60966,Snowmobiler,Snowmobile,1,"1 snowmobiler caught, buried, and killed",True,True,BC,False,Backcountry,False,False,standard_burial,1,True,
2020,2020,1,23,2020-01-23,Near Blewett Pass,TN,WA,47.33538,-120.58043,Resident,Foot,1,"1 resident caught, buried and killed",True,True,TN,False,Town/Urban,False,False,standard_burial,1,True,
2020,2020,1,18,2020-01-18,"Farmington Canyon, east of Farmington",BC,UT,40.97512,-111.8223,Snowmobiler,Snowmobile,1,"1 snowmobiler caught, buried, and killed",True,True,BC,False,Backcountry,False,False,standard_burial,1,True,
2020,2020,1,18,2020-01-18,"Uncompahgre Gorge, south of Ouray",BC,CO,37.983432,-107.655867,Climber,Foot,1,"1 climber struck by falling ice, buried, and killed",True,True,BC,False,Backcountry,False,False,standard_burial,1,True,
2020,2020,1,17,2020-01-17,"Scott Peak, west of Lake Tahoe",SA,CA,39.15756,-120.22238,Inbounds Rider,Ski,1,"2 inbounds skiers caught, 1 injured, 1 killed",True,True,SA,False,Ski Area,True,False,standard_burial,2,True,1.0
2020,2020,1,15,2020-01-15,"Baker Creek drainage, Smoky Mountains",BC,ID,43.69076,-114.67559,Snowmobiler,Snowmobile,1,"2 snowmobilers caught, 1 buried and killed",True,True,BC,False,Backcountry,False,False,standard_burial,2,True,
2020,2020,1,11,2020-01-11,"Rock Creek, Elkhorn Mountains",BC,OR,44.86901,-118.19007,Snowmobiler,Snowmobile,1,"1 snowmobiler caught, buried, and killed",True,True,BC,False,Backcountry,False,False,standard_burial,1,True,
2020,2020,1,7,2020-01-07,"Wardner Peak, Bitterroot Mountains",SA,ID,47.48811,-116.1278,Inbounds Rider,Ski,3,"Multiple skiers caught, 2 partially buried, 5 buried, 3 killed",True,True,SA,False,Ski Area,False,False,standard_burial,,False,
2020,2020,1,1,2020-01-01,"Near Lake Dinah, west of Seeley Lake",BC,MT,47.25592,-113.71536,Snowmobiler,Snowmobile,2,"3 snowmobilers caught, 2 buried and killed, 1 partially buried",True,True,BC,False,Backcountry,False,False,standard_burial,3,True,
2020,2019,12,15,2019-12-15,"Dutch Draw, Park City Ridgeline",BC,UT,40.65347,-111.59126,Sidecountry Rider,Snowboard,1,"1 sidecountry rider caught, buried, and killed",True,True,BC,False,Backcountry,False,False,standard_burial,1,True,
2020,2019,12,8,2019-12-08,"Diamond Peaks, west of Cameron Pass",BC,CO,40.51611,-105.90773,Backcountry Tourer,Ski,1,"1 backcountry skier, caught, buried, and killed",True,True,BC,False,Backcountry,False,False,standard_burial,1,True,
2019,2019,4,11,2019-04-11,"Raymond Cataract, Mount Washington",BC,NH,44.27047,-71.30302,Backcountry Tourer,Ski,1,"1 backcountry tourer caught, buried, and killed",True,True,BC,False,Backcountry,False,False,standard_burial,1,True,
2019,2019,3,13,2019-03-13,"Lutak Inlet, north of Haines",BC,AK,59.26892,-135.5229,Backcountry Tourer,Snowboard,1,"1 backcountry tourer caught, buried, and killed",True,True,BC,False,Backcountry,False,False,standard_burial,1,True,
2019,2019,3,11,2019-03-11,Casper,TN,WY,42.84156,-106.32372,Resident,Foot,1,"1 resident caught, buried, and killed",True,True,TN,False,Town/Urban,False,False,standard_burial,1,True,
2019,2019,3,9,2019-03-09,"Near Crescent Lake, Kenai Peninsula",BC,AK,60.44865,-149.49703,Backcountry Tourer,Ski,1,"2 backcountry tourers caught, 1 buried and killed",True,True,BC,False,Backcountry,False,False,standard_burial,2,True,
2019,2019,3,9,2019-03-09,Crested Butte South,TN,CO,38.80363,-106.8897,Resident,Foot,1,"2 residents caught and buried, 1 killed",True,True,TN,False,Town/Urban,False,False,standard_burial,2,True,
2019,2019,3,7,2019-03-07,"Point 12118, east of Jones Pass",BC,CO,39.78113,-105.86643,Mechanized Guide,Ski,1,"1 mechanized guide caught, buried, and killed; 1 mechanized guided client caught",True,True,BC,False,Backcountry,False,False,standard_burial,1,True,
2019,2019,3,4,2019-03-04,"Breccia Cliffs, northwest of Togwotee Pass",BC,WY,43.80692,-110.09852,Snowmobiler,Snowmobile,1,"1 snowmobiler caught, buried, and killed",True,True,BC,False,Backcountry,False,False,standard_burial,1,True,
2019,2019,3,3,2019-03-03,"Base Camp above Matterhorn Nordic trailhead, northeast of Lizard Head Pass",BC,CO,37.82918,-107.8806,Backcountry Tourer,Ski,1,"1 backcountry tourer caught, buried, and killed",True,True,BC,False,Backcountry,False,False,standard_burial,1,True,
2019,2019,2,26,2019-02-26,"Truman Gulch, Bridger Range",BC,MT,45.8068,-110.935,Backcountry Tourer,Ski,1,"1 skier caught, partially buried-critical, and killed",True,True,BC,False,Backcountry,False,True,standard_burial,1,True,
2019,2019,2,19,2019-02-19,"Temptation avalanche path, Bear Creek, south of Telluride",BC,CO,37.90765,-107.81133,Backcountry Tourer,Ski,1,"1 sidecountry rider caught, 1 backcountry skier caught, buried, and killed",True,True,BC,False,Backcountry,False,False,standard_burial,1,True,
2019,2019,2,16,2019-02-16,"Pearl Pass Road, Brush Creek Drainage",BC,CO,38.900249,-106.871974,Backcountry Tourer,Ski,2,"2 backcountry tourers caught, buried, and killed",True,True,BC,False,Backcountry,False,False,standard_burial,2,True,
2019,2019,2,9,2019-02-09,"Humpy Peak, western Uinta Mountains",BC,UT,40.86998,-111.00054,Snowmobiler,Snowmobile,1,"1 snowmobiler caught, buried, and killed",True,True,BC,False,Backcountry,False,False,standard_burial,1,True,
2019,2019,2,7,2019-02-07,"Circleville Mountain, Tushar Mountains",BC,UT,38.20105,-112.40459,Snowmobiler,Snowmobile,1,"2 snowmobilers caught, 1 partially buried-critical, 1 buried and killed",True,True,BC,False,Backcountry,False,True,standard_burial,2,True,
2019,2019,1,25,2019-01-25,"Near Bell Lake, Tobacco Root Mountains",BC,MT,45.53253,-111.99267,Backcountry Tourer,Ski,1,"4 backcountry tourers caught, 1 injured, 1 killed",True,True,BC,False,Backcountry,True,False,standard_burial,4,True,1.0
2019,2019,1,25,2019-01-25,"Upper Palisades Lake, Snake River Range",BC,ID,43.43538,-111.12406,Snowmobiler,Snowmobile,1,"4 snowmobilers caught, 3 partially buried, 1 buried and killed",True,True,BC,False,Backcountry,False,False,standard_burial,4,True,
2019,2019,1,25,2019-01-25,"East Face Laurel Peak, La Sal Mountains",BC,UT,38.45639,-109.23622,Snowmobiler,Snowmobile,1,"1 snowmobiler caught, buried, and killed",True,True,BC,False,Backcountry,False,False,standard_burial,1,True,
2019,2019,1,21,2019-01-21,"Green Mountain, Express Creek",BC,CO,39.0255,-106.78511,Backcountry Tourer,Ski,1,"1 backcountry tourer caught, buried, and killed",True,True,BC,False,Backcountry,False,False,standard_burial,1,True,
2019,2019,1,18,2019-01-18,"Electric Lake, Manti Skyline",BC,UT,39.63323,-111.25,Backcountry Tourer,Ski,1,"1 backcountry tourer caught, buried, and killed",True,True,BC,False,Backcountry,False,False,standard_burial,1,True,
2019,2019,1,17,2019-01-17,Taos Ski Valley,SA,NM,36.59686,-105.44398,Inbounds Rider,Ski,2,"2 inbounds riders caught, buried, and killed",True,True,SA,False,Ski Area,False,False,standard_burial,2,True,
2019,2019,1,9,2019-01-09,"Mount Leidy, southwest of Togwotee Pass",BC,WY,43.72431,-110.40504,Snowmobiler,Snowmobile,1,"1 snowmobiler caught, buried, and killed",True,True,BC,False,Backcountry,False,False,standard_burial,1,True,
2019,2019,1,5,2019-01-05,"South Waldron Creek, north of Teton Peak",BC,MT,47.9255,-112.79538,Snowmobiler,Snowmobile,1,"2 snowmobilers caught, 1 carried and injured, 1 buried and killed",True,True,BC,False,Backcountry,True,False,standard_burial,2,True,
2019,2019,1,5,2019-01-05,"Upper Senator Beck Basin, northwest of Red Mountain Pass",BC,CO,37.91467,-107.73362,Backcountry Tourer,Ski,1,"6 backcountry tourers caught, 1 partially buried, 1 buried and killed",True,True,BC,False,Backcountry,False,False,standard_burial,6,True,
2019,2018,12,22,2018-12-22,"Horse Creek, Wyoming Range",BC,WY,42.928524,-110.525528,Snowmobiler,Snowmobile,1,"1 snowmobiler caught, buried, and killed",True,True,BC,False,Backcountry,False,False,standard_burial,1,True,
2018,2018,5,2,2018-05-02,"Upper Blackstone Glacier, south of Whittier",BC,AK,60.63803,-148.76375,Snowmobiler,Snowmobile,1,"3 snowmobilers caught, 2 partially buried, 1 buried and killed",True,True,BC,False,Backcountry,False,False,standard_burial,3,True,
2018,2018,4,22,2018-04-22,"Northwest of East Leidy Mountain, west of Togwotee Pass",BC,WY,43.71207,-110.38285,Snowmobiler,Snowmobile,1,"1 snowmobiler caught, buried, and killed",True,True,BC,False,Backcountry,False,False,standard_burial,1,True,
2018,2018,4,14,2018-04-14,"Saddle Peak, Bridger Range",BC,MT,45.79356,-110.93668,Sidecountry Rider,Ski,1,"1 sidecountry rider caught, partially buried-critical, and killed",True,True,BC,False,Backcountry,False,True,standard_burial,1,True,
2018,2018,4,10,2018-04-10,"Northwest of Glacier Peak, Middle Fork Swan River",BC,CO,39.48928,-105.894263333,Snowmobiler,Snowmobile,1,"1 snowmobiler caught, buried, and killed",True,True,BC,False,Backcountry,False,False,standard_burial,1,True,
2018,2018,4,8,2018-04-08,"Maroon Bowl, west of Aspen Highlands",BC,CO,39.1356,-106.87936,Sidecountry Rider,Ski,1,"2 sidecountry riders caught, 1 killed",True,True,BC,False,Backcountry,False,False,standard_burial,2,True,
2018,2018,3,10,2018-03-10,"Park Butte, south of Mount Baker",BC,WA,48.71588,-121.85568,Snowmobiler,Snowmobile,1,"1 snowmobiler caught, killed",True,True,BC,False,Backcountry,False,False,standard_burial,1,True,
2018,2018,3,4,2018-03-04,"Setting Sun Mountain, north of the Methow Valley",BC,WA,48.698,-120.44506,Backcountry Tourer,Ski,1,1 backcountry skier killed,True,True,BC,False,Backcountry,False,False,standard_burial,1,True,
2018,2018,3,4,2018-03-04,Near Kirkwood Ski Resort,TN,CA,38.70123,-120.07545,Resident,Foot,2,2 residents killed in roof avalanche,True,True,TN,False,Town/Urban,False,False,standard_burial,2,True,
2018,2018,3,3,2018-03-03,"North Fork Teanaway, north of Cle Elum",BC,WA,47.28918,-120.85939,Snowmobiler,Snowmobile,2,"4 snowmobilers caught, 1 injured, 2 killed",True,True,BC,False,Backcountry,True,False,standard_burial,4,True,1.0
2018,2018,2,25,2018-02-25,"Dude Mountain, north of Ketchikan",BC,AK,55.36253,-131.71496,Backcountry Tourer,Snowboard,1,"1 backcountry tourers caught, 1 buried and killed",True,True,BC,False,Backcountry,False,False,standard_burial,1,True,
2018,2018,2,25,2018-02-25,Snoqualmie Pass,BC,WA,47.42726,-121.4157,Hiker,Snowshoe,2,2 hikers killed,True,True,BC,False,Backcountry,False,False,standard_burial,2,True,
2018,2018,2,25,2018-02-25,Stampede Pass,BC,WA,47.28327,-121.35053,Snowmobiler,Snowmobile,1,"4 snowmobilers caught, 1 buried and killed, 2 injured",True,True,BC,False,Backcountry,True,False,standard_burial,4,True,2.0
2018,2018,2,20,2018-02-20,"Sheep Creek, west of Palisades",BC,ID,43.37248,-111.13924,Snowmobiler,Snowmobile,1,"1 snowmobiler caught, buried, and killed",True,True,BC,False,Backcountry,False,False,standard_burial,1,True,
2018,2018,2,17,2018-02-17,"Ralph's Slide, Upper Rock Springs Canyon near Wilson",BC,WY,43.592,-110.879,Sidecountry Rider,Ski,1,"1 sidecountry skier caught, partially buried-critical, and killed",True,True,BC,False,Backcountry,False,True,standard_burial,1,True,
2018,2018,2,17,2018-02-17,"Canyon Creek, Whitefish Range",BC,MT,48.50592,-114.31014,Sidecountry Rider,Ski,1,"1 sidecountry rider caught, buried, and killed",True,True,BC,False,Backcountry,False,False,standard_burial,1,True,
2018,2018,1,21,2018-01-21,"South of Red Mountain Pass, Sam's Trees",BC,CO,37.868103,-107.731504,Backcountry Tourer,Ski,1,"2 backcountry skiers caught and partially buried, 1 killed",True,True,BC,False,Backcountry,False,False,standard_burial,2,True,
2018,2018,1,20,2018-01-20,"Southeast of Reas Peak, Centennial Range",BC,ID,44.53606,-111.51295,Snowbiker,Snowbike,1,"1 snowbiker caught, buried, and killed",True,True,BC,False,Backcountry,False,False,standard_burial,1,True,
2018,2018,1,10,2018-01-10,"Northwest of Reas Peak, Centennial Range",BC,ID,44.53577,-111.51303,Snowmobiler,Snowmobile,1,1 snowmobiler killed,True,True,BC,False,Backcountry,False,False,standard_burial,1,True,
2018,2018,1,2,2018-01-02,"Cabin Creek, southern Madison Range",BC,MT,44.92997,-111.24546,Snowmobiler,Snowmobile,1,"1 snowmobiler caught, buried, and killed",True,True,BC,False,Backcountry,False,False,standard_burial,1,True,
2018,2017,12,29,2017-12-29,"Commissary Ridge, Salt River Range",BC,WY,42.58895,-110.73395,Snowmobiler,Snowmobile,1,"3 snowmobilers caught, 2 partially buried, 1 buried and killed",True,True,BC,False,Backcountry,False,False,standard_burial,3,True,
2018,2017,11,22,2017-11-22,"Marmot Mountain, Hatcher Pass",BC,AK,61.77018,-149.3127,Backcountry Tourer,Ski,1,"1 backcountry tourer caught, buried, and killed",True,True,BC,False,Backcountry,False,False,standard_burial,1,True,
2018,2017,10,7,2017-10-07,"Imp Peak, southern Madison Range",BC,MT,44.9926,-111.45364,Backcountry Tourer,SKi,1,"2 backcountry tourers caught, 1 partially buried, 1 buried and killed",True,True,BC,False,Backcountry,False,False,standard_burial,2,True,
2017,2017,4,11,2017-04-11,"Red Mountain, north of Snoqualmie Pass",BC,WA,47.45607,-121.38914,Backcountry Tourer,Foot,1,"1 backcountry tourer caught, killed.",True,True,BC,False,Backcountry,False,False,standard_burial,1,True,
2017,2017,4,1,2017-04-01,North Pole,TN,AK,64.75012,-147.33215,Resident,Foot,1,"1 resident partially buried-critical, later died",True,True,TN,False,Town/Urban,False,True,standard_burial,1,True,
2017,2017,3,4,2017-03-04,"Hawkins Mountain, north of Cle Eleum",BC,WA,47.45038,-121.00136,Snowmobiler,Snowmobile,1,"2 snowmobilers caught, 1 partially buried, 1 buried and killed",True,True,BC,False,Backcountry,False,False,standard_burial,2,True,
2017,2017,2,14,2017-02-14,"Near West Lost Lake, Flat Tops Wilderness area",BC,CO,40.07444,-107.24227,Snowbiker,Snowbike,1,"2 snow bike riders caught, 1 buried and killed",True,True,BC,False,Backcountry,False,False,standard_burial,2,True,
2017,2017,2,9,2017-02-09,"McCoy Creek, Caribou Range east of Idaho Falls",BC,ID,43.18684,-111.10276,Snowmobiler,Snowmobile,1,1 snowmobiler buried and killed,True,True,BC,False,Backcountry,False,False,standard_burial,1,True,
2017,2017,1,28,2017-01-28,"Near Cooper Landing, Kenai Peninsula",BC,AK,60.49072,-149.81369,Snowmobiler,Snowmobile,1,"2 snowmobilers caught, 1 partially buried, 1 buried and killed",True,True,BC,False,Backcountry,False,False,standard_burial,2,True,
2017,2017,1,5,2017-01-05,"Mt. Stanton, north of West Glacier",BC,MT,48.65865,-113.89389,Backcountry Tourer,Ski,1,"1 backcountry tourer caught, partially buried, and killed",True,True,BC,False,Backcountry,False,False,standard_burial,1,True,
2017,2017,1,4,2017-01-04,"Near Crystal Mountain, south of Greenwater",BC,WA,46.93807,-121.50192,Backcountry Tourer,Ski,1,"1 backcountry tourer caught, partially buried, and killed",True,True,BC,False,Backcountry,False,False,standard_burial,1,True,
2017,2016,12,27,2016-12-27,West of White Pass Ski Area,BC,WA,46.63541,-121.39051,Sidecountry Rider,Ski,1,"1 sidecountry rider caught, killed",True,True,BC,False,Backcountry,False,False,standard_burial,1,True,
2017,2016,12,23,2016-12-23,East of Grand Targee Resort,BC,WY,43.777267,-110.9207,Sidecountry Rider,Foot,1,"1 sidecountry rider caught, buried and killed",True,True,BC,False,Backcountry,False,False,standard_burial,1,True,
2017,2016,12,11,2016-12-11,"Henderson Mountain, near Cooke City",BC,MT,45.05133,-109.94499,Hybrid Tourer,Ski,1,"2 hybrid tourers caught, 1 partially buried, 1 buried and",True,True,BC,False,Backcountry,False,False,standard_burial,2,True,
2017,2016,12,10,2016-12-10,Mt. Rose Chutes - Closed Area,SA-closed terrain,NV,39.319495,-119.882984,Inbounds Rider,Ski,1,"1 inbounds rider caught, buried, and killed",True,True,SA,True,Ski Area,False,False,standard_burial,1,True,
2016,2016,4,11,2016-04-11,"Summit Lake area, Eastern Alaska Range",BC,AK,63.13543,-145.54688,Snowmobiler,Snowmobile,1,"1 snowmobiler caught, buried, killed",True,True,BC,False,Backcountry,False,False,standard_burial,1,True,
2016,2016,4,3,2016-04-03,"Summit Lake area, Eastern Alaska Range",BC,AK,63.13287,-145.51838,Snowmobiler,Snowmobile,1,"2 snowmobilers caught, 1 partially buried, 1 buried and killed",True,True,BC,False,Backcountry,False,False,standard_burial,2,True,
2016,2016,3,22,2016-03-22,Cat Ski Mount Bailey,SA,OR,43.15673,-122.21706,Mechanized Guide,Ski,1,"Mechanized guide caught, killed",True,True,SA,False,Ski Area,False,False,standard_burial,,False,
2016,2016,3,8,2016-03-08,"Chief Joseph Peak, Wallowa Mountains",BC,OR,45.38254,-117.23099,Backcountry Tourer,Ski,1,1 backcountry tourer partially buried-critical and killed,True,True,BC,False,Backcountry,False,True,standard_burial,1,True,
2016,2016,2,27,2016-02-27,Nelchina Glacier area,BC,AK,61.9341,-147.16324,Snowmobiler,Snowmobile,1,"1 snowmobiler caught, killed",True,True,BC,False,Backcountry,False,False,standard_burial,1,True,
2016,2016,2,26,2016-02-26,Island Park,TN,ID,44.50079,-111.33665,Resident,Foot,1,"3 residents buried, 1 killed",True,True,TN,False,Town/Urban,False,False,standard_burial,3,True,
2016,2016,2,21,2016-02-21,Grand Targhee Resort,BC,WY,43.78727,-110.95917,Sidecountry Rider,Foot,1,1 sidecountry rider killed in cornice fall,True,True,BC,False,Backcountry,False,False,cornice_collapse,1,True,
2016,2016,2,19,2016-02-19,Big Horn Mountains near Sheridan Wyoming,BC,WY,44.61589,-107.38586,Snowmobiler,Snowmobile,1,1 snowmobiler caught and killed,True,True,BC,False,Backcountry,False,False,standard_burial,1,True,
2016,2016,2,5,2016-02-05,"Cottonwood Pass, west of Buena Vista",BC,CO,38.78811,-106.38731,Snowbiker,Snowbike,1,"1 snow bike rider, caught, partially buried-critical, and killed",True,True,BC,False,Backcountry,False,True,standard_burial,1,True,
2016,2016,2,2,2016-02-02,"Lost Mine Creek, east of Wolf Creek Pass",BC,CO,37.49201,-106.70106,Snowmobiler,Snowmobile,1,"2 snowmobilers caught, 1 partially buried, 1 fully buried and killed",True,True,BC,False,Backcountry,False,False,standard_burial,2,True,
2016,2016,1,31,2016-01-31,Twin Lakes near Brundage Mountain,BC,ID,45.02176,-116.12926,Snowmobiler,Snowmobile,1,1 snowmobiler caught and killed,True,True,BC,False,Backcountry,False,False,standard_burial,1,True,
2016,2016,1,31,2016-01-31,"Willow Draw near Park City Mountain Resort, Utah",BC,UT,40.68023,-111.59942,Sidecountry Rider,Ski,1,"1 sidecountry rider, caught, buried and killed",True,True,BC,False,Backcountry,False,False,standard_burial,1,True,
2016,2016,1,24,2016-01-24,"Mt Herman, northeast of Mount Baker",BC,WA,48.86637,-121.7029,Backcountry Tourer,Foot,1,"2 backcountry tourers caught, 1 injured, 1 killed",True,True,BC,False,Backcountry,True,False,standard_burial,2,True,1.0
2016,2016,1,24,2016-01-24,"Rock Springs drainage, south of Jackson Hole Mountain Resort",BC,WY,43.59215,-110.87834,Sidecountry Rider,Ski,2,"3 sidecountry riders caught, 2 buried and killed",True,True,BC,False,Backcountry,False,False,standard_burial,3,True,
2016,2016,1,23,2016-01-23,"Swede Creek area, Whitefish Range",BC,MT,48.65633,-114.55822,Snowmobiler,Snowmobile,1,"2 snowmobilers caught, 1 partially buried not-critical, 1 buried and killed.",True,True,BC,False,Backcountry,False,True,standard_burial,2,True,
2016,2016,1,22,2016-01-22,"Red Mountain, Clear Creek County",BC,CO,39.75178,-105.83877,Backcountry Tourer,Snowboard,1,"1 backcountry tourer caught, killed",True,True,BC,False,Backcountry,False,False,standard_burial,1,True,
2016,2016,1,21,2016-01-21,"Gobblers Knob, Big Cottonwood Canyon",BC,UT,40.66633,-111.68551,Backcountry Tourer,Ski,1,"2 backcountry tourers caught, 1 partially buried, 1 buried",True,True,BC,False,Backcountry,False,False,standard_burial,2,True,
2016,2016,1,21,2016-01-21,"Ruby Peak, Ruby Range west of Crested Butte",BC,CO,38.89564,-107.12571,Snowmobiler,Snowmobile,1,"2 snowmobilers caught, 1 partially buried uninjured, 1 fully buried and killed",True,True,BC,False,Backcountry,True,False,standard_burial,2,True,
2016,2016,1,19,2016-01-19,"Cedar Basin, west of Big Sky",BC,MT,45.2674,-111.29631,Backcountry Tourer,Ski,1,1 backcountry tourer caught and killed,True,True,BC,False,Backcountry,False,False,standard_burial,1,True,
2016,2016,1,19,2016-01-19,"Pyramid Peak, Teton Range",BC,WY,43.58226,-110.8263,Backcountry Tourer,Snowboard,1,"1 backcountry tourer caught, buried, and killed",True,True,BC,False,Backcountry,False,False,standard_burial,1,True,
2016,2016,1,16,2016-01-16,"Skyscraper Mountain, Hatcher Pass",BC,AK,61.77334,-149.30763,Backcountry Tourer,Snowboard,1,1 backcountry snowboarder fully buried and killed,True,True,BC,False,Backcountry,False,False,standard_burial,1,True,
2016,2016,1,16,2016-01-16,"St Marys Lake, Front Range",BC,CO,39.8328,-105.64831,Climber,Foot,1,"1 climber caught, buried, killed.",True,True,BC,False,Backcountry,False,False,standard_burial,1,True,
2016,2016,1,14,2016-01-14,Backcountry near Sugar Bowl Ski Resort,BC,CA,39.31398,-120.3389,Sidecountry Rider,Ski,1,"1 sidecountry rider caught, killed",True,True,BC,False,Backcountry,False,False,standard_burial,1,True,
2016,2016,1,2,2016-01-02,"Grubstake Gulch, southwest of Hatcher Pass",BC,AK,61.76959,-149.31244,Snowmobiler,Snowmobile,1,1 snowmobiler buried and killed,True,True,BC,False,Backcountry,False,False,standard_burial,1,True,
2016,2015,12,31,2015-12-31,Granite Mountain near Snoqualmie Pass,BC,WA,47.42748,-121.41789,Hiker,Snowshoe,1,1 hiker killed,True,True,BC,False,Backcountry,False,False,standard_burial,1,True,
2016,2015,12,19,2015-12-19,"Kendall Peak, Snoqualmie Pass",BC,WA,47.4395,-121.3841,Backcountry Tourer,Ski,1,"1 backcountry tourer caught, killed",True,True,BC,False,Backcountry,False,False,standard_burial,1,True,
2016,2015,12,19,2015-12-19,"Sheep Mountain, north of Cooke City",BC,MT,45.0719,-109.92765,Snowmobiler,Snowmobile,1,"3 snowmoiblers caught, 1 fully buried and killed",True,True,BC,False,Backcountry,False,False,standard_burial,3,True,
2016,2015,11,22,2015-11-22,"Eldorado Bowl, Hatcher Pass",BC,AK,61.78027,-149.289121,Backcountry Tourer,,1,"1 backcountry tourer caught, buried, and killed",True,True,BC,False,Backcountry,False,False,standard_burial,1,True,
2016,2015,11,5,2015-11-05,"Mt Russell, John Muir Wilderness",BC,CA,36.59012,-118.29052,Hiker,Foot,1,"1 hiker caught, buried, and killed",True,True,BC,False,Backcountry,False,False,standard_burial,1,True,
2015,2015,5,17,2015-05-17,"Sickle Couloir, Mount Moran",BC,WY,43.840977,-110.76783,Backcountry Tourer,Ski,2,"4 backcountry tourers caught, 1 injured, 2 killed",True,True,BC,False,Backcountry,True,False,standard_burial,4,True,1.0
2015,2015,4,11,2015-04-11,"Beehive Peak, northern Madison Range",BC,MT,45.34349,-111.39699,Backcountry Tourer,Ski,1,"1 backcountry tourer caught, killed",True,True,BC,False,Backcountry,False,False,standard_burial,1,True,
2015,2015,4,1,2015-04-01,"North of Tebay Lakes, Wrangell-St. Elias National Park and Preserve",BC,AK,61.257718,-144.316144,Backcountry Tourer,Ski,1,1 backcountry tourer killed in cornice collapse,True,True,BC,False,Backcountry,False,False,cornice_collapse,1,True,
2015,2015,3,14,2015-03-14,"Squaw Creek, near Cantwell",BC,AK,63.236944,-149.298611,Snowmobiler,Foot,1,"1 snowmobiler caught, buried, lated succumbed to injuries",True,True,BC,False,Backcountry,False,False,standard_burial,1,True,
2015,2015,3,4,2015-03-04,"Hells Canyon, near Snowbasin Ski Resort",BC,UT,41.20948,-111.88039,Sidecountry Rider,Snowboard,1,"1 sidecountry rider caught, buried, and killed",True,True,BC,False,Backcountry,False,False,standard_burial,1,True,
2015,2015,2,23,2015-02-23,"Peter Barker path, near Aspen Mountain",BC,CO,39.16365,-106.83021,Sidecountry Rider,Ski,1,"1 sidecountry rider caught, buried, and killed",True,True,BC,False,Backcountry,False,False,standard_burial,1,True,
2015,2015,1,6,2015-01-06,"Rabbit Ears path, Kendall Mountain",BC,CO,37.80219,-107.65048,Backcountry Tourer,Ski,1,"One backcountry skier, caught, carried, partially buried, and killed",True,True,BC,False,Backcountry,False,False,standard_burial,1,True,
2015,2014,12,31,2014-12-31,Kelso Mountain,BC,CO,39.65381,-105.79688,Climber,Snowshoe,1,"One climber, traveling on snowshoes, caught, buried, and killed",True,True,BC,False,Backcountry,False,False,standard_burial,1,True,
2015,2014,12,6,2014-12-06,"Rainbow Ridge area, Delta Range",BC,AK,63.30806,-145.68832,Backcountry Tourer,Ski,1,"2 backcountry tourers caught, 1 injured,1 killed",True,True,BC,False,Backcountry,True,False,standard_burial,2,True,1.0
2015,2014,11,26,2014-11-26,"Near Henderson Peak, Cooke City",BC,MT,45.03989,-109.94394,Snowmobiler,Snowmobile,1,"One snowmobiler caught, buried, and killed",True,True,BC,False,Backcountry,False,False,standard_burial,1,True,
2014,2014,5,28,2014-05-28,"Liberty Ridge, Mount Rainier",BC,WA,46.85409,-121.75873,Climber,Foot,6,"6 climbers caught, buried and killed",True,True,BC,False,Backcountry,False,False,standard_burial,6,True,
2014,2014,5,14,2014-05-14,North face of Mount Shuksan,BC,WA,48.83072,-121.60287,Backcountry Tourer,Foot,1,1 backcountry tourer (on ascent) caught and killed,True,True,BC,False,Backcountry,False,False,standard_burial,1,True,
2014,2014,5,3,2014-05-03,"Olson Gulch, west of Anaconda",BC,MT,46.16521,-113.08846,Backcountry Tourer,Ski,1,"1 backcountry skier caught, died on scene",True,True,BC,False,Backcountry,False,False,standard_burial,1,True,
2014,2014,4,28,2014-04-28,Crater Lake National Park,BC,OR,42.94208,-122.10402,Hiker,Snowshoe,1,1 snowshoer caught in cornice fall,True,True,BC,False,Backcountry,False,False,cornice_collapse,1,True,
2014,2014,4,14,2014-04-14,"Paulina Peak, south of Bend",BC,OR,43.72534,-121.23121,Snowmobiler,Snowmobile,1,"1 snowmobiler caught, buried, and killed",True,True,BC,False,Backcountry,False,False,standard_burial,1,True,
2014,2014,4,3,2014-04-03,Granite Mountain,BC,WA,47.42995,-121.63033,Backcountry Tourer,Ski,1,"1 backcountry tourer caught, buried, and killed",True,True,BC,False,Backcountry,False,False,standard_burial,1,True,
2014,2014,3,19,2014-03-19,"Kicking Horse Valley, west of Haines",BC,AK,59.174833,-135.94405,Mechanized Guide,Ski,1,"1 heliski guide caught, buried, and died from injuries",True,True,BC,False,Backcountry,False,False,standard_burial,1,True,
2014,2014,3,11,2014-03-11,"Cooke City, Montana",BC,MT,45.04988,-109.96267,Snowmobiler,Snowmobile,1,"1 snowmobiler caught, buried, and killed",True,True,BC,False,Backcountry,False,False,standard_burial,1,True,
2014,2014,3,10,2014-03-10,"Altoona, about 10 miles northeast of Philipsburg, Montana",BC,MT,46.22165,-113.1427,Backcountry Tourer,Ski,1,1 skier caught and killed,True,True,BC,False,Backcountry,False,False,standard_burial,1,True,
2014,2014,3,7,2014-03-07,"Gold Hill, Uinta Mountains",BC,UT,40.81277,-110.89685,Snowmobiler,Snowmobile,1,"1 snowmobiler caught, buried, and killed",True,True,BC,False,Backcountry,False,False,standard_burial,1,True,
2014,2014,3,5,2014-03-05,"Sharkstooth Peak, La Plata Mountains",BC,CO,37.46096,-108.0689,Snowmobiler,Snowmobile,1,"1 snowmobiler fully buried, missing and presumed dead",True,True,BC,False,Backcountry,False,False,standard_burial,1,True,
2014,2014,3,4,2014-03-04,"Diablo Ridge, Pt. 12,505, approx. 1 mile W of Conejos Peak",BC,CO,37.29154,-106.56876,Ski Patroller,Ski,1,"1 snowmobiler fully buried, missing and presumed dead",True,True,BC,False,Backcountry,False,False,standard_burial,1,True,
2014,2014,2,28,2014-02-28,"Mount Jumbo, Missoula",TN,MT,46.8785,-113.95603,Resident,Foot,1,"1 snowplayer and 2 residents caught and buried, 1 resident killed",True,True,TN,False,Town/Urban,False,False,standard_burial,1,True,
2014,2014,2,22,2014-02-22,"Troy, West Cabinet Mountain Range",BC,MT,48.24066,-116.0307,Snowmobiler,Snowmobile,1,"2 snowmobilers caught, 1 partly buried and 1 buried and killed",True,True,BC,False,Backcountry,False,False,standard_burial,2,True,
2014,2014,2,18,2014-02-18,Near Togwotee Pass,BC,WY,43.75188,-110.06799,Snowmobiler,Snowmobile,1,"1 snowmobiler caught, buried, and killed",True,True,BC,False,Backcountry,False,False,standard_burial,1,True,
2014,2014,2,16,2014-02-16,"Frenchman Creek, northwest of Galena Summit",BC,ID,43.87049,-114.71289,Snowmobiler,Foot,1,"4 snowmobilers caught and buried, 1 killed",True,True,BC,False,Backcountry,False,False,standard_burial,4,True,
2014,2014,2,15,2014-02-15,"Star Mountain, near Twin Lakes",BC,CO,39.0601,-106.52531,Backcountry Tourer,Ski,2,"5 skiers caught, 3 injured, 2 killed",True,True,BC,False,Backcountry,True,False,standard_burial,5,True,3.0
2014,2014,2,11,2014-02-11,"SW face of Cornucopia Peak, Wallowa Mountains",BC,OR,45.04927,-117.24747,Human-Powered Guided Client,Ski,2,"5 backcountry skiers caught, 1 uninjured, 2 injured, 2 killed",True,True,BC,False,Backcountry,True,False,standard_burial,5,True,2.0
2014,2014,2,10,2014-02-10,Left Fork Huntington Creek,BC,UT,39.58532,-111.26644,Snowmobiler,Snowmobile,1,"1 snowmobiler caught, buried, and killed",True,True,BC,False,Backcountry,False,False,standard_burial,1,True,
2014,2014,2,10,2014-02-10,"Near Kebler Pass, west of Crested Butte",BC,CO,38.85159,-107.0978,Snowmobiler,Snowmobile,1,"2 snowmobilers caught, 1 partially buried, 1 buried and killed",True,True,BC,False,Backcountry,False,False,standard_burial,2,True,
2014,2014,2,10,2014-02-10,"North Fork Swan River, south of Keystone Ski Area",BC,CO,39.54231,-105.90649,Sidecountry Rider,Ski,1,"2 skiers caught, 1 partially buried, 1 buried and killed",True,True,BC,False,Backcountry,False,False,standard_burial,2,True,
2014,2014,2,8,2014-02-08,Near Tibble Fork Reservoir,BC,UT,40.48077,-111.64719,Snowplayer,Snowshoe,1,"1 snowshoer caught, buried, and killed",True,True,BC,False,Backcountry,False,False,standard_burial,1,True,
2014,2014,1,18,2014-01-18,"Lewis Peak, Cascades north of Stevens Pass",BC,WA,48.00566,-121.46261,Climber,Foot,1,"2 skiers caught, 1 partially buried, 1 buried and killed",True,True,BC,False,Backcountry,False,False,standard_burial,2,True,
2014,2014,1,7,2014-01-07,"East Vail, backcountry southeast of Vail Ski Area",BC,CO,39.60126,-106.30123,Sidecountry Rider,Ski,1,"4 riders caught, 1 injured, 1 killed",True,True,BC,False,Backcountry,True,False,standard_burial,4,True,1.0
2014,2014,1,1,2014-01-01,"Onion Basin, northern Gallatin Range",BC,MT,45.28914,-111.39776,Snowmobiler,Snowmobile,1,"2 snowmobilers caught, 1 buried and killed",True,True,BC,False,Backcountry,False,False,standard_burial,2,True,
2014,2013,12,31,2013-12-31,"Parkview Mountain, west of Willow Creek Pass",BC,CO,40.34187,-106.11978,Backcountry Tourer,Snowboard,1,One backcountry traveler buried and killed,True,True,BC,False,Backcountry,False,False,standard_burial,1,True,
2014,2013,12,26,2013-12-26,"Neely's, Palisades Peak",BC,ID,43.44151,-111.08833,Snowmobiler,Snowmobile,1,"One snowmobiler, caught, buried and killed",True,True,BC,False,Backcountry,False,False,standard_burial,1,True,
2014,2013,12,26,2013-12-26,"Pucker Face, near Jackson Hole Mountain Resort",BC,WY,43.55509,-110.83933,Sidecountry Rider,Ski,1,"One skier caught, buried, and killed",True,True,BC,False,Backcountry,False,False,standard_burial,1,True,
2013,2013,4,20,2013-04-20,"Sheep Creek, north of Loveland Pass",BC,CO,39.6789,-105.86839,Backcountry Tourer,Snowboard,5,"6 backcountry tourers caught, 1 partially buried, 5 buried and killed",True,True,BC,False,Backcountry,False,False,standard_burial,6,True,
2013,2013,4,18,2013-04-18,"Ptarmigan Hill, near Vail Pass",BC,CO,39.49593,-106.26114,Hybrid Rider,Snowboard,1,1 snowboarder caught and killed,True,True,BC,False,Backcountry,False,False,standard_burial,1,True,
2013,2013,4,13,2013-04-13,Granite Mountain near Snoqualmie Pass,BC,WA,47.41624,-121.48046,Hiker,Snowshoe,1,"Three climbers caught, two injured, one buried and killed",True,True,BC,False,Backcountry,True,False,standard_burial,3,True,2.0
2013,2013,4,13,2013-04-13,"Red Mountain, near Snoqualmie Pass",BC,WA,47.4556,-121.38923,Hiker,Snowshoe,1,1 snowboarder caught and killed,True,True,BC,False,Backcountry,False,False,standard_burial,1,True,
2013,2013,4,11,2013-04-11,"Kessler Peak, Big Cottonwood Canyon",BC,UT,40.629,-111.666412,Highway Personnel,Ski,1,1 skier caught and killed,True,True,BC,False,Backcountry,False,False,standard_burial,1,True,
2013,2013,3,17,2013-03-17,"Ypsilon Mountain, Rocky Mountain National Park",BC,CO,40.45562,-105.67725,Climber,Foot,1,"2 climbers caught, 2 injured, 1 killed",True,True,BC,False,Backcountry,True,False,standard_burial,2,True,2.0
2013,2013,3,3,2013-03-03,"Takhinsha Mountains, southwest of Haines",BC,AK,59.23428,-135.44838,Mechanized Guided Client,Snowboard,1,"4 heliskiers caught in cornice fall, 2 injured, 1 killed",True,True,BC,False,Backcountry,True,False,cornice_collapse,4,True,2.0
2013,2013,3,2,2013-03-02,"Nokhu Crags, Never Summer Mountains",BC,CO,40.49092,-105.89048,Backcountry Tourer,Ski,1,"2 skiers caught, 1 partially buried-critical and injured, 1 buried and killed",True,True,BC,False,Backcountry,True,True,standard_burial,2,True,
2013,2013,3,1,2013-03-01,"12 Mile Canyon, Manti Skyline",BC,UT,39.0436,-111.519,Snowmobiler,Snowmobile,1,"1 snowmobiler caught, buried, and killed",True,True,BC,False,Backcountry,False,False,standard_burial,1,True,
2013,2013,3,1,2013-03-01,"Prospectors Mountain, Grand Teton National Park",BC,WY,43.6562,-110.83179,Backcountry Tourer,Ski,1,1 ski mountaineer caught and killed,True,True,BC,False,Backcountry,False,False,standard_burial,1,True,
2013,2013,3,1,2013-03-01,"Huntington Ravine, Mount Washington",BC,NH,44.27458,-71.28565,Climber,Foot,1,1 climber caught and killed,True,True,BC,False,Backcountry,False,False,standard_burial,1,True,
2013,2013,2,2,2013-02-02,"Cement Creek, near Silverton",BC,CO,37.89819,-107.65301,Backcountry Tourer,Ski,1,"3 skiers caught, 1 buried and killed, 1 partially buried, 1 injured",True,True,BC,False,Backcountry,True,False,standard_burial,3,True,1.0
2013,2013,1,27,2013-01-27,"Survey Peak, Grand Teton National Park",BC,WY,44.03701,-110.84518,Backcountry Tourer,Ski,1,1 backcountry tourer caught and killed,True,True,BC,False,Backcountry,False,False,standard_burial,1,True,
2013,2013,1,27,2013-01-27,"Clause Creek, southwest of Hoback Canyon",BC,WY,43.16087,-110.56993,Backcountry Tourer,Ski,1,1 backcountry tourer caught and killed,True,True,BC,False,Backcountry,False,False,standard_burial,1,True,
2013,2013,1,18,2013-01-18,"Mill Hollow, West Fork Duchesne",BC,UT,40.48247,-111.03127,Snowmobiler,Foot,2,"3 snowmobilers caught on foot, 2 buried and killed",True,True,BC,False,Backcountry,False,False,standard_burial,3,True,
2013,2013,1,13,2013-01-13,"Raspberry Creek, near Marble",BC,CO,39.04972,-107.19519,Backcountry Tourer,Ski,1,"1 skier caught, buried, and killed",True,True,BC,False,Backcountry,False,False,standard_burial,1,True,
2013,2012,12,30,2012-12-30,"Ships Prow Glades, Snowmass Ski Area",SA,CO,39.17266,-106.875,Ski Patroller,Ski,1,1 ski patroller killed,True,True,SA,False,Ski Area,False,False,standard_burial,1,True,
2013,2012,12,24,2012-12-24,Donner Ski Ranch,SA,CA,39.31763,-120.32956,Inbounds Rider,Snowboard,1,"1 snowboarder caught, buried, and killed",True,True,SA,False,Ski Area,False,False,standard_burial,1,True,
2013,2012,12,24,2012-12-24,Alpine Meadows Ski Area,SA,CA,39.17845,-120.22751,Ski Patroller,Ski,1,"1 ski patroller caught, buried and killed",True,True,SA,False,Ski Area,False,False,standard_burial,1,True,
2012,2012,6,14,2012-06-14,"West Buttress, Denali",BC,AK,63.06973,-151.00605,Climber,Foot,4,,True,False,BC,False,Backcountry,False,False,,,False,
2012,2012,3,30,2012-03-30,"Ophir Pass, Paradise Basin",BC,CO,37.84165,-107.7812,Backcountry Tourer,Ski,1,,True,False,BC,False,Backcountry,False,False,,,False,
2012,2012,3,13,2012-03-13,"Takin Ridge, northwest of Haines",BC,AK,59.30267,-136.0355,Mechanized Guide,Ski,2,,True,False,BC,False,Backcountry,False,False,,,False,
2012,2012,3,7,2012-03-07,"Ranger Peak, Grand Teton National Park",BC,WY,43.9293,-110.76279,Backcountry Tourer,Ski,2,,True,False,BC,False,Backcountry,False,False,,,False,
2012,2012,3,3,2012-03-03,"Beaver Basin, La Sal Mountains",BC,UT,38.53887,-109.20981,Snowmobiler,Snowmobile,1,,True,False,BC,False,Backcountry,False,False,,,False,
2012,2012,3,2,2012-03-02,"Forestdale Divide, Carson Pass",BC,CA,38.6687,-119.95553,Snowmobiler,Snowmobile,1,,True,False,BC,False,Backcountry,False,False,,,False,
2012,2012,3,1,2012-03-01,"Polaris Point, Ward Canyon",BC,CA,39.13477,-120.20433,Backcountry Tourer,Ski,1,,True,False,BC,False,Backcountry,False,False,,,False,
2012,2012,2,27,2012-02-27,"SE of Grouse Mountain, Togwotee Pass",BC,WY,43.70731,-110.22351,Snowmobiler,Snowmobile,1,,True,False,BC,False,Backcountry,False,False,,,False,
2012,2012,2,25,2012-02-25,"Skyline Creek, near Marias Pass",BC,MT,48.28091,-113.34938,Snowbiker,Snowbike,1,,True,False,BC,False,Backcountry,False,False,,,False,
2012,2012,2,23,2012-02-23,"Dutch Draw, Park City Ridgeline",BC,UT,40.65124,-111.5917,Sidecountry Rider,Snowboard,1,,True,False,BC,False,Backcountry,False,False,,,False,
2012,2012,2,22,2012-02-22,"Daisy Pass Road, north of Cooke City",BC,MT,45.03811,-109.94252,Snowmobiler,Snowmobile,1,,True,False,BC,False,Backcountry,False,False,,,False,
2012,2012,2,20,2012-02-20,"Lost Johnny drainage, east of Kaispell",BC,MT,48.24368,-114.0035,Snowmobiler,Snowmobile,1,,True,False,BC,False,Backcountry,False,False,,,False,
2012,2012,2,19,2012-02-19,WAC Bluffs near Aplental Ski Area,BC,WA,47.40393,-121.41541,Sidecountry Rider,Snowboard,1,,True,False,BC,False,Backcountry,False,False,,,False,
2012,2012,2,19,2012-02-19,"Tunnel Creek, near Stevens Pass",BC,WA,47.73107,-121.10229,Sidecountry Rider,Ski,3,,True,False,BC,False,Backcountry,False,False,,,False,
2012,2012,2,16,2012-02-16,"Gibbs Creek, near Wolf Creek Pass",BC,CO,37.5023,-106.80041,Backcountry Tourer,Ski,1,,True,False,BC,False,Backcountry,False,False,,,False,
2012,2012,2,13,2012-02-13,"Contention Fingers, Bear Creek, Telluride",BC,CO,37.92179,-107.80952,Sidecountry Rider,Snowboard,1,,True,False,BC,False,Backcountry,False,False,,,False,
2012,2012,2,5,2012-02-05,Lost Creek Reservior,BC,UT,38.71646,-111.72199,Snowmobiler,Snowmobile,1,,True,False,BC,False,Backcountry,False,False,,,False,
2012,2012,2,1,2012-02-01,"Twin Lakes, Swan Range",BC,MT,48.1836,-113.94539,Backcountry Tourer,Ski,1,,True,False,BC,False,Backcountry,False,False,,,False,
2012,2012,1,28,2012-01-28,"Little Giant, West Kessler, Big Cottonwood Canyon",BC,UT,40.62223,-111.66989,Backcountry Tourer,Snowboard,1,,True,False,BC,False,Backcountry,False,False,,,False,
2012,2012,1,22,2012-01-22,"Prima Cornice, Vail",SA,CO,39.61276,-106.35495,Inbounds Rider,Ski,1,,True,False,SA,False,Ski Area,False,False,,,False,
2012,2012,1,22,2012-01-22,"Trestle Trees, Winter Park",SA,CO,39.88692,-105.76066,Inbounds Rider,Ski,1,,True,False,SA,False,Ski Area,False,False,,,False,
2012,2012,1,21,2012-01-21,"Chedsey Creek, North Park",BC,CO,40.56363,-106.64257,Snowmobiler,Snowmobile,1,,True,False,BC,False,Backcountry,False,False,,,False,
2012,2012,1,18,2012-01-18,Burnt Mountain near Snowmass Village,BC,CO,39.18044,-106.92264,Sidecountry Rider,Ski,1,,True,False,BC,False,Backcountry,False,False,,,False,
2012,2012,1,1,2012-01-01,"Phillipsburg, Flint Range, Red Lion",BC,MT,46.28812,-113.19969,Snowmobiler,Snowmobile,1,,True,False,BC,False,Backcountry,False,False,,,False,
2012,2011,12,31,2011-12-31,"Henderson Mountain, near Cooke City",BC,MT,45.05412,-109.92405,Snowmobiler,Snowmobile,1,,True,False,BC,False,Backcountry,False,False,,,False,
2012,2011,12,31,2011-12-31,"Hayden Creek, south of Cooke City",BC,MT,44.98826,-109.9001,Backcountry Tourer,Ski,1,,True,False,BC,False,Backcountry,False,False,,,False,
2012,2011,11,13,2011-11-13,"Gad Valley, Little Cottonwood Canyon",BC,UT,40.56899,-111.65284,Backcountry Tourer,Snowboard,1,,True,False,BC,False,Backcountry,False,False,,,False,
2011,2011,5,22,2011-05-22,"Mount Frances, Denali National Park",BC,AK,62.988611,-151.1625,Climber,Foot,2,,True,False,BC,False,Backcountry,False,False,,,False,
2011,2011,5,21,2011-05-21,Torreys Peak,BC,CO,39.64473,-105.81825,Backcountry Tourer,Snowboard,1,,True,False,BC,False,Backcountry,False,False,,,False,
2011,2011,4,28,2011-04-28,Ruth Gorge,BC,AK,0.0,0.0,Climber,Foot,1,,False,False,BC,False,Backcountry,False,False,,,False,
2011,2011,4,26,2011-04-26,"Split Mountain, south of Bishop",BC,CA,37.02093,-118.42155,Backcountry Tourer,Ski,2,,True,False,BC,False,Backcountry,False,False,,,False,
2011,2011,4,18,2011-04-18,"Bird Ridge, Chugach State Park",BC,AK,0.0,0.0,Snowplayer,"Sled, tube, or saucer",1,,False,False,BC,False,Backcountry,False,False,,,False,
2011,2011,4,16,2011-04-16,"Garnet Canyon Meadows, Grand Teton National Park",BC,WY,0.0,0.0,Backcountry Tourer,Foot,2,,False,False,BC,False,Backcountry,False,False,,,False,
2011,2011,4,4,2011-04-04,"Highlands Ridge, Desolation Row, Aspen zone",BC,CO,39.1341833,-106.8850167,Sidecountry Rider,SKi,1,,True,False,BC,False,Backcountry,False,False,,,False,
2011,2011,3,27,2011-03-27,"Back country to the west of Stevens Pass, WA. Backside of Cowboy Mountain",BC,WA,0.0,0.0,Backcountry Tourer,Snowboard,1,,False,False,BC,False,Backcountry,False,False,,,False,
2011,2011,3,26,2011-03-26,"Horsehoe Mountain, Manti Skyline",BC,UT,0.0,0.0,Backcountry Tourer,Ski,1,,False,False,BC,False,Backcountry,False,False,,,False,
2011,2011,3,19,2011-03-19,"Bald Mountain, Hatcher Pass",BC,AK,0.0,0.0,Backcountry Tourer,Ski,1,,False,False,BC,False,Backcountry,False,False,,,False,
2011,2011,3,5,2011-03-05,Mount Cashmere,BC,WA,0.0,0.0,Backcountry Tourer,Ski,1,,False,False,BC,False,Backcountry,False,False,,,False,
2011,2011,2,22,2011-02-22,"East Snowmass Creek Valley, Sand's Chute",BC,CO,39.1766667,-106.9752778,Backcountry Tourer,Ski,1,,True,False,BC,False,Backcountry,False,False,,,False,
2011,2011,2,20,2011-02-20,Sand Peak-Flat Tops,BC,CO,40.1167083,-107.3775583,Snowmobiler,Snowmobile,1,,True,False,BC,False,Backcountry,False,False,,,False,
2011,2011,2,14,2011-02-14,"Truman Gulch, Bridger Range",BC,MT,45.80933,-110.93343,Backcountry Tourer,Snowboard,1,,True,False,BC,False,Backcountry,False,False,,,False,
2011,2011,2,1,2011-02-01,"Red Mountain, Snoqualmie Pass Washington",BC,WA,0.0,0.0,Backcountry Tourer,Ski,1,,False,False,BC,False,Backcountry,False,False,,,False,
2011,2011,1,17,2011-01-17,"""High Trail Cliffs,"" northeast of Berthoud Pass",BC,CO,39.80247,-105.76991,Backcountry Tourer,Snowboard,1,,True,False,BC,False,Backcountry,False,False,,,False,
2011,2011,1,8,2011-01-08,"Near Hungry Horse Reservoir, east of Kalispell",BC,MT,0.0,0.0,Snowmobiler,Snowmobile,1,,False,False,BC,False,Backcountry,False,False,,,False,
2011,2010,12,29,2010-12-29,20 miles northeast of Calder,BC,ID,0.0,0.0,Snowmobiler,Snowmobile,1,,False,False,BC,False,Backcountry,False,False,,,False,
2011,2010,12,5,2010-12-05,Dry Gulch-East of Eisenhower Tunnel,BC,CO,39.7630556,-106.0983333,Backcountry Tourer,Ski,1,,True,False,BC,False,Backcountry,False,False,,,False,
2011,2010,12,4,2010-12-04,"Morning Star Peak, north central Washington Cascades",BC,WA,0.0,0.0,Climber,Foot,1,,False,False,BC,False,Backcountry,False,False,,,False,
2011,2010,11,26,2010-11-26,"Cherry Hill, western Uinta Mountains",BC,UT,0.0,0.0,Snowmobiler,Snowmobile,1,,False,False,BC,False,Backcountry,False,False,,,False,
2011,2010,11,22,2010-11-22,"Wolf Creek Pass Ski Area, Glory Hole Point",SA,CO,37.4599722,-106.7997778,Ski Patroller,Ski,1,,True,False,SA,False,Ski Area,False,False,,,False,
2010,2010,6,14,2010-06-14,"Lolo Peak, west of Missoula, MT",BC,MT,0.0,0.0,Backcountry Tourer,Ski,1,,False,False,BC,False,Backcountry,False,False,,,False,
2010,2010,6,5,2010-06-05,"Ingraham Direct Route, Mount Rainier",BC,WA,0.0,0.0,Climber,Foot,1,,False,False,BC,False,Backcountry,False,False,,,False,
2010,2010,5,29,2010-05-29,"Ruth Gorge, Denali National Park",BC,AK,0.0,0.0,Climber,Foot,2,,False,False,BC,False,Backcountry,False,False,,,False,
2010,2010,4,14,2010-04-14,McAtee Basin south of Big Sky,BC,MT,0.0,0.0,Snowmobiler,Snowmobile,1,,False,False,BC,False,Backcountry,False,False,,,False,
2010,2010,4,4,2010-04-04,Francis Peak northwest of Farmington,BC,UT,0.0,0.0,Snowmobiler,Snowmobile,1,,False,False,BC,False,Backcountry,False,False,,,False,
2010,2010,4,2,2010-04-02,Indian Creek drainage northwest of Alpine,BC,WY,0.0,0.0,Snowmobiler,Snowmobile,1,,False,False,BC,False,Backcountry,False,False,,,False,
2010,2010,3,30,2010-03-30,"Near Baldy Peak, east of Ridgway",BC,CO,38.12291,-107.67303,Climber,Ski,1,,True,False,BC,False,Backcountry,False,False,,,False,
2010,2010,3,30,2010-03-30,"Peak 6996 near Marias Pass, Glacier NP",BC,MT,0.0,0.0,Backcountry Tourer,Snowboard,1,,False,False,BC,False,Backcountry,False,False,,,False,
2010,2010,3,30,2010-03-30,"Loyds Lake, McCall",BC,ID,0.0,0.0,Snowmobiler,Snowmobile,2,,False,False,BC,False,Backcountry,False,False,,,False,
2010,2010,3,27,2010-03-27,"Missoula Lake 10 miles SW of Superior, MT",BC,MT,0.0,0.0,Snowmobiler,Snowmobile,1,,False,False,BC,False,Backcountry,False,False,,,False,
2010,2010,3,19,2010-03-19,Southwest of Creede,TN,CO,37.74434,-107.10425,Resident,Foot,2,,True,False,TN,False,Town/Urban,False,False,,,False,
2010,2010,3,13,2010-03-13,"North of Schweitzer Ski Area, Idaho Panhandle",BC,ID,0.0,0.0,Snowmobiler,Snowmobile,1,,False,False,BC,False,Backcountry,False,False,,,False,
2010,2010,3,12,2010-03-12,Mt Antora,BC,CO,38.32872,-106.23696,Snowmobiler,Snowmobile,1,,True,False,BC,False,Backcountry,False,False,,,False,
2010,2010,3,10,2010-03-10,"Steep Gully #1, west of Arapahoe Basin Ski Area",BC,CO,39.63599,-105.88544,Backcountry Tourer,Snowboard,1,,True,False,BC,False,Backcountry,False,False,,,False,
2010,2010,2,23,2010-02-23,Lindley Backcountry Hut south of Aspen,BC,CO,39.00458,-106.80244,Backcountry Tourer,Ski,1,,True,False,BC,False,Backcountry,False,False,,,False,
2010,2010,2,21,2010-02-21,"South Teton, Grand Teton NP",BC,WY,0.0,0.0,Backcountry Tourer,Ski,1,,False,False,BC,False,Backcountry,False,False,,,False,
2010,2010,2,13,2010-02-13,"South Fork Eagle River, Alaska Three Bowls",BC,AK,61.245,-149.438,Backcountry Tourer,Ski,1,,True,False,BC,False,Backcountry,False,False,,,False,
2010,2010,2,13,2010-02-13,"Grandview, Placer River Drainage, Chugach NF",BC,AK,60.63375,-149.0722,Snowmobiler,Snowmobile,2,,True,False,BC,False,Backcountry,False,False,,,False,
2010,2010,2,11,2010-02-11,"Near the Ridgway Hut, San Juan Mountains",BC,CO,38.02697,-107.76825,Backcountry Tourer,Ski,1,,True,False,BC,False,Backcountry,False,False,,,False,
2010,2010,2,6,2010-02-06,"North Fork of Murphy Creek, Wyoming Range",BC,WY,0.0,0.0,Snowmobiler,Snowmobile,1,,False,False,BC,False,Backcountry,False,False,,,False,
2010,2010,1,30,2010-01-30,Garns Mtn in the Big Hole Range west of Driggs,BC,ID,0.0,0.0,Snowmobiler,Snowmobile,1,,False,False,BC,False,Backcountry,False,False,,,False,
2010,2010,1,29,2010-01-29,"Grandview Pk, Session Mtns east of Bountiful",BC,UT,0.0,0.0,Snowmobiler,Snowmobile,1,,False,False,BC,False,Backcountry,False,False,,,False,
2010,2010,1,28,2010-01-28,"Near Boardman Pass, Soldier Mountains",BC,ID,0.0,0.0,Snowmobiler,Snowmobile,1,,False,False,BC,False,Backcountry,False,False,,,False,
2010,2010,1,27,2010-01-27,"Meadows, Silver Fork, UT",BC,UT,0.0,0.0,Backcountry Tourer,Ski,1,,False,False,BC,False,Backcountry,False,False,,,False,
2010,2010,1,24,2010-01-24,"Hells Canyon, Snowbasin Backcountry",BC,UT,0.0,0.0,Backcountry Tourer,Ski,1,,False,False,BC,False,Backcountry,False,False,,,False,
2010,2010,1,22,2010-01-22,Off trail run in bounds at Sun Valley Ski Resort,SA,ID,0.0,0.0,Inbounds Rider,Ski,1,,False,False,SA,False,Ski Area,False,False,,,False,
2010,2010,1,6,2010-01-06,"Battle Mountain, Vail sidecountry",BC,CO,39.5595,-106.34039,Backcountry Tourer,Snowboard,1,,True,False,BC,False,Backcountry,False,False,,,False,
2010,2010,1,6,2010-01-06,"Cheyenne Bowl, Jackson Hole Mountain Resort",SA,WY,0.0,0.0,Ski Patroller,Ski,1,,False,False,SA,False,Ski Area,False,False,,,False,
2010,2010,1,4,2010-01-04,Scotch Bonnet Mountain near Cooke City,BC,MT,0.0,0.0,Snowmobiler,Snowmobile,1,,False,False,BC,False,Backcountry,False,False,,,False,
2010,2010,1,2,2010-01-02,Near Paulina Peak,BC,OR,0.0,0.0,Snowmobiler,Snowmobile,1,,False,False,BC,False,Backcountry,False,False,,,False,
2010,2009,12,18,2009-12-18,Rock Lake west of Cascade,BC,ID,0.0,0.0,Snowmobiler,Snowmobile,1,,False,False,BC,False,Backcountry,False,False,,,False,
2010,2009,12,10,2009-12-10,Hyalite Canyon outside of Bozeman,BC,MT,0.0,0.0,Climber,Foot,1,,False,False,BC,False,Backcountry,False,False,,,False,
2009,2009,4,18,2009-04-18,Thompson Pass,BC,AK,0.0,0.0,Snowmobiler,Snowmobile,1,,False,False,BC,False,Backcountry,False,False,,,False,
2009,2009,4,5,2009-04-05,"Norton Creek, 20 MILES west of Ketchum",BC,ID,0.0,0.0,Snowmobiler,Snowmobile,1,,False,False,BC,False,Backcountry,False,False,,,False,
2009,2009,3,25,2009-03-25,"Johnson Pass, Kenai Peninsula",BC,AK,0.0,0.0,Snowmobiler,Snowmobile,1,,False,False,BC,False,Backcountry,False,False,,,False,
2009,2009,3,7,2009-03-07,"Aneroid Basin, Eagle Cap Wilderness",BC,OR,0.0,0.0,Backcountry Tourer,Ski,1,,False,False,BC,False,Backcountry,False,False,,,False,
2009,2009,3,6,2009-03-06,"Gladiator Ridge, north of Sun Valley",BC,ID,0.0,0.0,Backcountry Tourer,Ski,1,,False,False,BC,False,Backcountry,False,False,,,False,
2009,2009,3,3,2009-03-03,Squaw Valley,SA,CA,0.0,0.0,Ski Patroller,Ski,1,,False,False,SA,False,Ski Area,False,False,,,False,
2009,2009,2,27,2009-02-27,"Indian Peak area, Sanke River Range",BC,WY,0.0,0.0,Snowmobiler,Snowmobile,3,,False,False,BC,False,Backcountry,False,False,,,False,
2009,2009,2,27,2009-02-27,"Trapper Creek, North of Priest Lake",BC,ID,0.0,0.0,Snowmobiler,Snowmobile,1,,False,False,BC,False,Backcountry,False,False,,,False,
2009,2009,2,21,2009-02-21,Maggies Peaks,BC,CA,0.0,0.0,Backcountry Tourer,Ski,1,,False,False,BC,False,Backcountry,False,False,,,False,
2009,2009,1,17,2009-01-17,Hell Roaring drainage South of Mt Jefferson,BC,MT,0.0,0.0,Snowmobiler,Snowmobile,1,,False,False,BC,False,Backcountry,False,False,,,False,
2009,2009,1,17,2009-01-17,Northeast facing slope on Crown Butte,BC,MT,0.0,0.0,Snowmobiler,Snowmobile,1,,False,False,BC,False,Backcountry,False,False,,,False,
2009,2009,1,17,2009-01-17,Black Butte area of the Gravelly Range,BC,MT,0.0,0.0,Snowmobiler,Snowmobile,1,,False,False,BC,False,Backcountry,False,False,,,False,
2009,2009,1,2,2009-01-02,Near Cody,BC,WY,0.0,0.0,Climber,Foot,1,,False,False,BC,False,Backcountry,False,False,,,False,
2009,2008,12,30,2008-12-30,Rockford,TN,WA,0.0,0.0,Resident,Foot,1,,False,False,TN,False,Town/Urban,False,False,,,False,
2009,2008,12,29,2008-12-29,"Yamaha Hill, western Uintas",BC,UT,0.0,0.0,Snowmobiler,Snowmobile,1,,False,False,BC,False,Backcountry,False,False,,,False,
2009,2008,12,28,2008-12-28,"Tatie Peak, near Harts Pass",BC,WA,0.0,0.0,Snowmobiler,Snowmobile,1,,False,False,BC,False,Backcountry,False,False,,,False,
2009,2008,12,28,2008-12-28,Brown Bear Basin near Harts Pass,BC,WA,0.0,0.0,Snowmobiler,Snowmobile,1,,False,False,BC,False,Backcountry,False,False,,,False,
2009,2008,12,27,2008-12-27,"Gravel Mountain, north of Granby",BC,CO,40.2676,-105.9995,Snowmobiler,Snowmobile,2,,True,False,BC,False,Backcountry,False,False,,,False,
2009,2008,12,27,2008-12-27,Jackson Hole,SA,WY,0.0,0.0,Inbounds Rider,Ski,1,,False,False,SA,False,Ski Area,False,False,,,False,
2009,2008,12,25,2008-12-25,Poulsen’s Gully-Squaw Valley Ski Area,SA,CA,0.0,0.0,Inbounds Rider,Ski,1,,False,False,SA,False,Ski Area,False,False,,,False,
2009,2008,12,24,2008-12-24,Logan Peak,BC,UT,0.0,0.0,Snowmobiler,,2,,False,False,BC,False,Backcountry,False,False,,,False,
2009,2008,12,17,2008-12-17,Northwest of Crested Butte,BC,CO,38.89737,-107.01826,Backcountry Tourer,Snowboard,1,,True,False,BC,False,Backcountry,False,False,,,False,
2009,2008,12,14,2008-12-14,Near Aspen Ski Area,BC,CO,39.13588,-106.8024,Sidecountry Rider,Ski,1,,True,False,BC,False,Backcountry,False,False,,,False,
2009,2008,12,14,2008-12-14,Snowbird Ski Area,SA,UT,0.0,0.0,Inbounds Rider,Ski,1,,False,False,SA,False,Ski Area,False,False,,,False,
2008,2008,4,7,2008-04-07,Thompson Pass,BC,AK,0.0,0.0,Hybrid Rider,Foot,1,,False,False,BC,False,Backcountry,False,False,,,False,
2008,2008,3,16,2008-03-16,"Sheep Mountain, near Orofino",BC,ID,0.0,0.0,Snowmobiler,Snowmobile,1,,False,False,BC,False,Backcountry,False,False,,,False,
2008,2008,3,9,2008-03-09,"Mount Eyak, Cordova",BC,AK,0.0,0.0,Backcountry Tourer,Ski,1,,False,False,BC,False,Backcountry,False,False,,,False,
2008,2008,2,15,2008-02-15,"Seattle Creek, near Turnigan Pass",BC,AK,0.0,0.0,Snowmobiler,,2,,False,False,BC,False,Backcountry,False,False,,,False,
2008,2008,2,8,2008-02-08,Garden Valley,TN,ID,0.0,0.0,Resident,Foot,1,,False,False,TN,False,Town/Urban,False,False,,,False,
2008,2008,2,1,2008-02-01,Little Box Canyon,BC,CO,39.79637,-107.65328,Snowmobiler,Snowmobile,1,,True,False,BC,False,Backcountry,False,False,,,False,
2008,2008,1,28,2008-01-28,"Tokopah Canyon, Sequoia National Park",BC,CA,0.0,0.0,Backcountry Tourer,Ski,1,,False,False,BC,False,Backcountry,False,False,,,False,
2008,2008,1,25,2008-01-25,Near Mountain High ski resort,BC,CA,0.0,0.0,Sidecountry Rider,Ski,1,,False,False,BC,False,Backcountry,False,False,,,False,
2008,2008,1,25,2008-01-25,Near Mountain High ski resort,BC,CA,0.0,0.0,Sidecountry Rider,Ski,1,,False,False,BC,False,Backcountry,False,False,,,False,
2008,2008,1,25,2008-01-25,Near Mountain High ski resort,BC,CA,0.0,0.0,Sidecountry Rider,Ski,1,,False,False,BC,False,Backcountry,False,False,,,False,
2008,2008,1,20,2008-01-20,"Beehive Basin, near Big Sky",BC,MT,0.0,0.0,Backcountry Tourer,Ski,1,,False,False,BC,False,Backcountry,False,False,,,False,
2008,2008,1,18,2008-01-18,"Huntington Ravine, Mount Washington",BC,NH,0.0,0.0,Climber,,1,,False,False,BC,False,Backcountry,False,False,,,False,
2008,2008,1,13,2008-01-13,"Canyon Creek, near Whitefish Mountain",BC,MT,0.0,0.0,Sidecountry Rider,Ski,2,,False,False,BC,False,Backcountry,False,False,,,False,
2008,2008,1,12,2008-01-12,"King Tut, East Vail backcountry southeast of Vail",BC,CO,39.59875,-106.29621,Sidecountry Rider,Ski,1,,True,False,BC,False,Backcountry,False,False,,,False,
2008,2008,1,12,2008-01-12,Star Valley,BC,WY,0.0,0.0,Snowmobiler,Snowmobile,3,,False,False,BC,False,Backcountry,False,False,,,False,
2008,2008,1,10,2008-01-10,Blanca Peak,BC,CO,37.56332394,-105.503296,Climber,,1,,True,False,BC,False,Backcountry,False,False,,,False,
2008,2008,1,4,2008-01-04,"CDC, East Vail backcountry southeast of Vail",BC,CO,39.602776406,-106.298302,Sidecountry Rider,Snowboard,1,,True,False,BC,False,Backcountry,False,False,,,False,
2008,2008,1,4,2008-01-04,Near Mt Pilchuck,BC,WA,0.0,0.0,Hiker,Foot,1,,False,False,BC,False,Backcountry,False,False,,,False,
2008,2008,1,3,2008-01-03,Fargo,TN,ND,0.0,0.0,Resident,Foot,1,,False,False,TN,False,Town/Urban,False,False,,,False,
2008,2008,1,2,2008-01-02,"French Creek, Snowy Range",BC,WY,0.0,0.0,Snowmobiler,Snowmobile,1,,False,False,BC,False,Backcountry,False,False,,,False,
2008,2008,1,1,2008-01-01,"Excelsior Pass area, north of Mount Baker",BC,WA,0.0,0.0,Snowmobiler,,2,,False,False,BC,False,Backcountry,False,False,,,False,
2008,2007,12,31,2007-12-31,"Near Co-op Creek, Western Uintas",BC,UT,0.0,0.0,Snowmobiler,Snowmobile,1,,False,False,BC,False,Backcountry,False,False,,,False,
2008,2007,12,25,2007-12-25,"Superbowl near Windy Ridge, Western Uintas",BC,UT,0.0,0.0,Snowmobiler,Snowmobile,1,,False,False,BC,False,Backcountry,False,False,,,False,
2008,2007,12,23,2007-12-23,The Canyons,SA,UT,0.0,0.0,Inbounds Rider,Ski,1,,False,False,SA,False,Ski Area,False,False,,,False,
2008,2007,12,18,2007-12-18,"Edith Creek, Mount Rainier National Park",BC,WA,0.0,0.0,Hiker,Snowshoe,1,,False,False,BC,False,Backcountry,False,False,,,False,
2008,2007,12,2,2007-12-02,Cameron Pass,BC,CO,40.523520469,-105.873138,Hiker,Snowshoe,1,,True,False,BC,False,Backcountry,False,False,,,False,
2008,2007,12,2,2007-12-02,"Union Creek, near Crystal Mountain Resort",BC,WA,0.0,0.0,Backcountry Tourer,Other,3,,False,False,BC,False,Backcountry,False,False,,,False,
2008,2007,12,2,2007-12-02,"Source Lake, near Snoqualmie Pass",BC,WA,0.0,0.0,Hiker,Snowshoe,2,,False,False,BC,False,Backcountry,False,False,,,False,
2007,2007,3,13,2007-03-13,Mount Shimer,BC,CO,39.100218794,-106.731148,Backcountry Tourer,Snowboard,1,,True,False,BC,False,Backcountry,False,False,,,False,
2007,2007,3,13,2007-03-13,Mount Shimer,BC,CO,39.100218794,-106.731148,Backcountry Tourer,Ski,1,,True,False,BC,False,Backcountry,False,False,,,False,
2007,2007,3,10,2007-03-10,Darby Canyon,BC,ID,0.0,0.0,Backcountry Tourer,Ski,1,,False,False,BC,False,Backcountry,False,False,,,False,
2007,2007,3,3,2007-03-03,"Echo Lake, Mt Evans",BC,CO,39.64455,-105.58999,Backcountry Tourer,Snowshoe,1,,True,False,BC,False,Backcountry,False,False,,,False,
2007,2007,3,3,2007-03-03,Yellow Mountain,BC,MT,0.0,0.0,Backcountry Tourer,Ski,1,,False,False,BC,False,Backcountry,False,False,,,False,
2007,2007,2,24,2007-02-24,near Crystal Mountain,BC,WA,0.0,0.0,Sidecountry Rider,Ski,1,,False,False,BC,False,Backcountry,False,False,,,False,
2007,2007,2,20,2007-02-20,"Gobbler’s Knob, Wasatch Range",BC,UT,0.0,0.0,Backcountry Tourer,Ski,1,,False,False,BC,False,Backcountry,False,False,,,False,
2007,2007,2,18,2007-02-18,"Hell’s Canyon, near Snowbasin",BC,UT,0.0,0.0,Sidecountry Rider,Ski,1,,False,False,BC,False,Backcountry,False,False,,,False,
2007,2007,2,17,2007-02-17,"Signal Peak, southeast of Richfield",BC,UT,0.0,0.0,Snowmobiler,,1,,False,False,BC,False,Backcountry,False,False,,,False,
2007,2007,2,17,2007-02-17,"Tower Mountain, southeast of Heber City",BC,UT,0.0,0.0,Snowmobiler,,1,,False,False,BC,False,Backcountry,False,False,,,False,
2007,2007,2,17,2007-02-17,Big Belt Mountains,BC,MT,0.0,0.0,Snowmobiler,Snowmobile,2,,False,False,BC,False,Backcountry,False,False,,,False,
2007,2007,2,17,2007-02-17,Palisades Peak Area,BC,ID,0.0,0.0,Snowmobiler,,1,,False,False,BC,False,Backcountry,False,False,,,False,
2007,2007,2,4,2007-02-04,North Peak,BC,CO,37.484934842,-106.541466,Snowmobiler,,1,,True,False,BC,False,Backcountry,False,False,,,False,
2007,2007,1,5,2007-01-05,Jackson Hole,BC,WY,0.0,0.0,Sidecountry Rider,Ski,1,,False,False,BC,False,Backcountry,False,False,,,False,
2007,2007,1,1,2007-01-01,"Mt Jefferson, Centenial Range",BC,MT,0.0,0.0,Snowmobiler,,1,,False,False,BC,False,Backcountry,False,False,,,False,
2007,2006,12,28,2006-12-28,"Lionhead, W of West Yellowstone",BC,MT,0.0,0.0,Snowmobiler,,1,,False,False,BC,False,Backcountry,False,False,,,False,
2007,2006,12,21,2006-12-21,Snowmass,SA,CO,39.174177938,-106.944435,Inbounds Rider,Ski,1,,True,False,SA,False,Ski Area,False,False,,,False,
2007,2006,12,16,2006-12-16,"Stewart Peak, Salt River Range",BC,WY,0.0,0.0,Snowmobiler,,1,,False,False,BC,False,Backcountry,False,False,,,False,
2007,2006,12,16,2006-12-16,"Scotch Bonnet Peak, Cooke City",BC,MT,0.0,0.0,Snowmobiler,,1,,False,False,BC,False,Backcountry,False,False,,,False,
2006,2006,4,29,2006-04-29,Backcountry near Lookout Pass,BC,ID,0.0,0.0,Backcountry Tourer,Ski,1,,False,False,BC,False,Backcountry,False,False,,,False,
2006,2006,4,18,2006-04-18,"Mount Herman, west of Mt. Baker Ski Area",BC,WA,0.0,0.0,Sidecountry Rider,Ski,1,,False,False,BC,False,Backcountry,False,False,,,False,
2006,2006,4,8,2006-04-08,Patriot Bowl-west of Trinity Mtn. Lookout,BC,ID,0.0,0.0,Snowmobiler,Snowmobile,1,,False,False,BC,False,Backcountry,False,False,,,False,
2006,2006,4,3,2006-04-03,"Pioneer Ridge, an out-of-bounds area near Brighton Ski Resort",BC,UT,0.0,0.0,Sidecountry Rider,Ski,1,,False,False,BC,False,Backcountry,False,False,,,False,
2006,2006,4,2,2006-04-02,Mountians outside of Spencer,BC,ID,0.0,0.0,Snowmobiler,,1,,False,False,BC,False,Backcountry,False,False,,,False,
2006,2006,3,19,2006-03-19,Tiffany Mountain near Conconully,BC,WA,0.0,0.0,Snowmobiler,,1,,False,False,BC,False,Backcountry,False,False,,,False,
2006,2006,3,11,2006-03-11,"Ogden Mtn., Taylor Canyon",BC,UT,0.0,0.0,Sidecountry Rider,Ski,1,,False,False,BC,False,Backcountry,False,False,,,False,
2006,2006,3,1,2006-03-01,mountains near Antelope Creek,BC,ID,0.0,0.0,Snowmobiler,,1,,False,False,BC,False,Backcountry,False,False,,,False,
2006,2006,2,28,2006-02-28,"Marmot Mountain, Hatcher Pass Area",BC,AK,0.0,0.0,Snowmobiler,,1,,False,False,BC,False,Backcountry,False,False,,,False,
2006,2006,2,14,2006-02-14,"Rainy Pass; Dalzell Creek, in the Alaska Range",BC,AK,0.0,0.0,Snowmobiler,,1,,False,False,BC,False,Backcountry,False,False,,,False,
2006,2006,2,8,2006-02-08,"FLATTOP MTN, CHUGACH STATE PARK, CHUGACH MTNS",BC,AK,0.0,0.0,Hiker,Snowshoe,1,,False,False,BC,False,Backcountry,False,False,,,False,
2006,2006,2,1,2006-02-01,"Blacksmith Creek drainage,Twin Lakes area; Sawtooth Range",BC,CA,0.0,0.0,Backcountry Tourer,Ski,1,,False,False,BC,False,Backcountry,False,False,,,False,
2006,2006,1,14,2006-01-14,Red Meadow Lake west of Polebridge,BC,MT,0.0,0.0,Snowmobiler,,2,,False,False,BC,False,Backcountry,False,False,,,False,
2006,2006,1,6,2006-01-06,MILLER MOUNTAIN-SHEEP CREEK,BC,MT,0.0,0.0,Snowmobiler,,1,,False,False,BC,False,Backcountry,False,False,,,False,
2006,2006,1,5,2006-01-05,"Coal Creek, West side of Teton Pass",BC,WY,0.0,0.0,Backcountry Tourer,Ski,1,,False,False,BC,False,Backcountry,False,False,,,False,
2006,2006,1,5,2006-01-05,south end of Mt. Abundance,BC,MT,0.0,0.0,Snowmobiler,,1,,False,False,BC,False,Backcountry,False,False,,,False,
2006,2006,1,3,2006-01-03,Raggedtop Mountain,BC,AK,0.0,0.0,Backcountry Tourer,Ski,1,,False,False,BC,False,Backcountry,False,False,,,False,
2006,2006,1,1,2006-01-01,Trap Peak,BC,CO,40.518233536,-105.84417,Snowmobiler,Snowmobile,2,,True,False,BC,False,Backcountry,False,False,,,False,
2006,2005,12,31,2005-12-31,"Mt. Timpanogos area, near Hidden Lakes",BC,UT,0.0,0.0,Hiker,Snowshoe,1,,False,False,BC,False,Backcountry,False,False,,,False,
2006,2005,12,27,2005-12-27,Togwotee Pass/Squaw Basin area,BC,WY,0.0,0.0,Snowmobiler,,1,,False,False,BC,False,Backcountry,False,False,,,False,
2006,2005,12,22,2005-12-22,Kelso Mountain,BC,CO,39.649978631,-105.796799,Hiker,,1,,True,False,BC,False,Backcountry,False,False,,,False,
2006,2005,11,6,2005-11-06,"Berthoud Pass, Mines 2",BC,CO,39.799766685,-105.765465,Backcountry Tourer,Ski,1,,True,False,BC,False,Backcountry,False,False,,,False,
2005,2005,7,2,2005-07-02,WHITE CLOUD MTNS STANLEY,BC,ID,0.0,0.0,Backcountry Tourer,Snowboard,1,,False,False,BC,False,Backcountry,False,False,,,False,
2005,2005,5,20,2005-05-20,ARAPAHOE BASIN,SA,CO,39.635703455,-105.878418,Inbounds Rider,Ski,1,,True,False,SA,False,Ski Area,False,False,,,False,
2005,2005,4,1,2005-04-01,GRAND MESA CLIFFS,BC,CO,39.054440584,-108.052078004,Backcountry Tourer,Ski,1,,True,False,BC,False,Backcountry,False,False,,,False,
2005,2005,4,1,2005-04-01,KETCHUM 20MI NW BAKER CREEK BRODIE GULCH,BC,ID,0.0,0.0,Snowmobiler,,1,,False,False,BC,False,Backcountry,False,False,,,False,
2005,2005,3,31,2005-03-31,OGDEN MONTE CRISTO ECCLES PEAK,BC,UT,0.0,0.0,Snowmobiler,,1,,False,False,BC,False,Backcountry,False,False,,,False,
2005,2005,3,26,2005-03-26,BISHOP MT TOM ELDERBERRY CANYON,BC,CA,0.0,0.0,Backcountry Tourer,Ski,2,,False,False,BC,False,Backcountry,False,False,,,False,
2005,2005,3,24,2005-03-24,BRECKENRIDGE QUANDARY PEAK SOUTH COULOIR,BC,CO,39.389772648,-106.102867,Climber,Foot,1,,True,False,BC,False,Backcountry,False,False,,,False,
2005,2005,3,6,2005-03-06,ASPEN HIGHLANDS FIVE FINGER BOWL,BC,CO,39.12319169,-106.875687,Sidecountry Rider,,1,,True,False,BC,False,Backcountry,False,False,,,False,
2005,2005,2,20,2005-02-20,SUGAR BOWL MT ANDERSON NORTH BOWL BENSON HUT,BC,CA,0.0,0.0,Backcountry Tourer,Ski,1,,False,False,BC,False,Backcountry,False,False,,,False,
2005,2005,2,15,2005-02-15,MT HUNTINGTON DENALI NP,BC,AK,0.0,0.0,Climber,,1,,False,False,BC,False,Backcountry,False,False,,,False,
2005,2005,2,14,2005-02-14,"MOUNT MANSFIELD, NE RIDGE",BC,VT,0.0,0.0,Backcountry Tourer,Ski,1,,False,False,BC,False,Backcountry,False,False,,,False,
2005,2005,1,16,2005-01-16,LAKE STEVENS,BC,ID,0.0,0.0,Backcountry Tourer,Snowboard,2,,False,False,BC,False,Backcountry,False,False,,,False,
2005,2005,1,14,2005-01-14,CANYONS DUTCH DRAW OB,BC,UT,0.0,0.0,Sidecountry Rider,Snowboard,1,,False,False,BC,False,Backcountry,False,False,,,False,
2005,2005,1,12,2005-01-12,SNOQUALMIE PASS ALPENTAL SA CLOSED,SA,WA,0.0,0.0,Backcountry Tourer,Ski,1,,False,False,SA,False,Ski Area,False,False,,,False,
2005,2005,1,9,2005-01-09,LAS VEGAS SKI MT CHARLESTON LEE CANYON,SA,NV,0.0,0.0,Inbounds Rider,Snowboard,1,,False,False,SA,False,Ski Area,False,False,,,False,
2005,2005,1,8,2005-01-08,MANTI WASATCH PLATEAU EPHRIAM CANYON,BC,UT,0.0,0.0,Backcountry Tourer,Snowboard,1,,False,False,BC,False,Backcountry,False,False,,,False,
2005,2005,1,8,2005-01-08,WASATCH PLATEAU MT PLEASANT CHOKE CHERRY,BC,UT,0.0,0.0,Snowmobiler,,1,,False,False,BC,False,Backcountry,False,False,,,False,
2005,2005,1,3,2005-01-03,BUFFALO PASS SODA MOUNTAIN,BC,CO,40.550129054,-106.718529,Backcountry Tourer,Ski,1,,True,False,BC,False,Backcountry,False,False,,,False,
2005,2005,1,1,2005-01-01,CENTENNIAL MTNS HELL ROARING HUT,BC,MT,0.0,0.0,Backcountry Tourer,Ski,1,,False,False,BC,False,Backcountry,False,False,,,False,
2005,2004,12,11,2004-12-11,BIG COTTONWOOD CNYN MINERAL FORK,BC,UT,0.0,0.0,Hiker,Snowshoe,2,,False,False,BC,False,Backcountry,False,False,,,False,
2005,2004,12,11,2004-12-11,"PROVO UINTA MONTAINS STRAWBERRY VALLEY, trout creek",BC,UT,0.0,0.0,Snowmobiler,,1,,False,False,BC,False,Backcountry,False,False,,,False,
2005,2004,12,10,2004-12-10,BIG COTTONWOOD CNYN TWIN LAKES PASS,BC,UT,0.0,0.0,Backcountry Tourer,Ski,1,,False,False,BC,False,Backcountry,False,False,,,False,
2005,2004,10,30,2004-10-30,MADISON RANGE SPHINX MOUNTAIN,BC,MT,0.0,0.0,Climber,,2,,False,False,BC,False,Backcountry,False,False,,,False,
2005,2004,10,24,2004-10-24,MT RAINIER INGRAHAM GLACIER,BC,WA,0.0,0.0,Climber,,1,,False,False,BC,False,Backcountry,False,False,,,False,
2004,2004,6,13,2004-06-13,MT RAINIER / LIBERTY RIDGE,BC,WA,0.0,0.0,Climber,,2,,False,False,BC,False,Backcountry,False,False,,,False,
2004,2004,4,26,2004-04-26,MT BAKER OB,SA,WA,0.0,0.0,Inbounds Rider,Snowboard,1,,False,False,SA,False,Ski Area,False,False,,,False,
2004,2004,4,10,2004-04-10,PAXSON / RICHARDSON HWY MP 194 / HOODOO MTNS,BC,AK,0.0,0.0,Snowmobiler,,1,,False,False,BC,False,Backcountry,False,False,,,False,
2004,2004,4,9,2004-04-09,SAWATCH RANGE / BROWNS PEAK,BC,CO,38.959803982,-106.448074,Hiker,Snowshoe,1,,True,False,BC,False,Backcountry,False,False,,,False,
2004,2004,3,20,2004-03-20,SAWATCH RANGE / LA PLATA PEAK,BC,CO,39.031981569,-106.483955,Climber,,1,,True,False,BC,False,Backcountry,False,False,,,False,
2004,2004,3,10,2004-03-10,BRECKENRIDGE / MT GUYOT,BC,CO,39.4691953,-105.935242,Snowmobiler,,1,,True,False,BC,False,Backcountry,False,False,,,False,
2004,2004,3,6,2004-03-06,SANDPOINT / JERU,BC,ID,0.0,0.0,Snowmobiler,,1,,False,False,BC,False,Backcountry,False,False,,,False,
2004,2004,3,5,2004-03-05,SNOQUALMIE PASS / SALMON LA SAC,BC,WA,0.0,0.0,Snowmobiler,,1,,False,False,BC,False,Backcountry,False,False,,,False,
2004,2004,2,28,2004-02-28,PORTAGE / BRYON GLACIER PEAK,BC,AK,0.0,0.0,Climber,,1,,False,False,BC,False,Backcountry,False,False,,,False,
2004,2004,2,28,2004-02-28,KETCHUM / APOLLO CREEK,BC,ID,0.0,0.0,Snowmobiler,,1,,False,False,BC,False,Backcountry,False,False,,,False,
2004,2004,2,26,2004-02-26,PARK CITY / DALY CANYON / JUDGE MINE,BC,UT,0.0,0.0,Hiker,Snowshoe,1,,False,False,BC,False,Backcountry,False,False,,,False,
2004,2004,1,31,2004-01-31,JACKSON / TETON RANGE / PK 9870,BC,WY,0.0,0.0,Backcountry Tourer,Ski,1,,False,False,BC,False,Backcountry,False,False,,,False,
2004,2004,1,22,2004-01-22,PORTAGE / USFS BUILDING,TN,AK,0.0,0.0,Others at Work,,1,,False,False,TN,False,Town/Urban,False,False,,,False,
2004,2004,1,2,2004-01-02,FAIRFIELD,TN,ID,0.0,0.0,Resident,Foot,2,,False,False,TN,False,Town/Urban,False,False,,,False,
2004,2004,1,1,2004-01-01,DONNER SUMMIT,BC,CA,0.0,0.0,Hiker,Snowshoe,1,,False,False,BC,False,Backcountry,False,False,,,False,
2004,2003,12,26,2003-12-26,PROVO CANYON / ASPEN GROVE / ROBERTS HORN CHUTE,BC,UT,0.0,0.0,Backcountry Tourer,Snowboard,3,,False,False,BC,False,Backcountry,False,False,,,False,
2004,2003,12,17,2003-12-17,BLEWETT PASS / NAVAJO PEAK,BC,WA,0.0,0.0,Snowmobiler,,1,,False,False,BC,False,Backcountry,False,False,,,False,
2004,2003,12,13,2003-12-13,SNOQUALMIE PASS / SNOW LAKE TRAIL,BC,WA,0.0,0.0,Hiker,Snowshoe,1,,False,False,BC,False,Backcountry,False,False,,,False,
2004,2003,12,12,2003-12-12,MT BAKER / ARTIST POINT,BC,WA,0.0,0.0,Hiker,Snowshoe,1,,False,False,BC,False,Backcountry,False,False,,,False,
2003,2003,4,26,2003-04-26,CARSON PASS / NR BLUE LAKES,BC,CA,0.0,0.0,Snowmobiler,,1,,False,False,BC,False,Backcountry,False,False,,,False,
2003,2003,4,14,2003-04-14,DEVILS THUMB,BC,AK,0.0,0.0,Climber,,2,,False,False,BC,False,Backcountry,False,False,,,False,
2003,2003,4,9,2003-04-09,WRANGELL-ST ELIAS / VERDE PEAK,BC,AK,0.0,0.0,Backcountry Tourer,Ski,1,,False,False,BC,False,Backcountry,False,False,,,False,
2003,2003,3,22,2003-03-22,LA PLATA MTNS / BURRO MTN,BC,CO,37.67885051,-108.033371003,Snowmobiler,,1,,True,False,BC,False,Backcountry,False,False,,,False,
2003,2003,3,20,2003-03-20,ARAPAHOE BASIN / PORCUPINE MTN,BC,CO,39.614879361,-105.914383,Backcountry Tourer,Ski,1,,True,False,BC,False,Backcountry,False,False,,,False,
2003,2003,3,9,2003-03-09,SAWATCH RANGE / COTTONWOOD PASS / PTARMIGAN LAKE,BC,CO,38.777370585,-106.390312,Snowmobiler,,1,,True,False,BC,False,Backcountry,False,False,,,False,
2003,2003,3,9,2003-03-09,COOKE CITY / MT ABUNDANCE,BC,MT,0.0,0.0,Snowmobiler,,1,,False,False,BC,False,Backcountry,False,False,,,False,
2003,2003,3,5,2003-03-05,ST ELMO / SAWATCH RANGE / HANCOCK PASS,BC,CO,38.621158775,-106.370575,Snowmobiler,,1,,True,False,BC,False,Backcountry,False,False,,,False,
2003,2003,2,24,2003-02-24,SALT RIVER RANGE / POKER FLATS,BC,WY,0.0,0.0,Snowmobiler,,1,,False,False,BC,False,Backcountry,False,False,,,False,
2003,2003,2,23,2003-02-23,SAWATCH RANGE / ELK HEAD PASS /MISSOURI BASIN NR BELFORD,BC,CO,38.950260845,-106.363106,Backcountry Tourer,Ski,1,,True,False,BC,False,Backcountry,False,False,,,False,
2003,2003,2,22,2003-02-22,PRIEST LAKE / ECHO BASIN,BC,ID,0.0,0.0,Snowmobiler,,1,,False,False,BC,False,Backcountry,False,False,,,False,
2003,2003,2,22,2003-02-22,SCHWEITZER / KEOKEE PEAK,BC,ID,0.0,0.0,Snowmobiler,,1,,False,False,BC,False,Backcountry,False,False,,,False,
2003,2003,2,17,2003-02-17,DRY GULCH / SNOOPY,BC,CO,39.713195382,-105.90683,Climber,,1,,True,False,BC,False,Backcountry,False,False,,,False,
2003,2003,2,15,2003-02-15,BIG COTTONWOOD CYN / MILL CREEK / GOBBLERS KNOB,BC,UT,0.0,0.0,Backcountry Tourer,Ski,1,,False,False,BC,False,Backcountry,False,False,,,False,
2003,2003,2,10,2003-02-10,JACKSON HOLE / HOURGLASS COULOIR,SA,WY,0.0,0.0,Sidecountry Rider,Ski,1,,False,False,SA,False,Ski Area,False,False,,,False,
2003,2003,2,9,2003-02-09,HATCHER PASS,BC,AK,0.0,0.0,Backcountry Tourer,Snowboard,1,,False,False,BC,False,Backcountry,False,False,,,False,
2003,2003,2,2,2003-02-02,LIVINGSTON / CRAZY MTNS / ELK CREEK,BC,MT,0.0,0.0,Snowmobiler,,1,,False,False,BC,False,Backcountry,False,False,,,False,
2003,2003,2,1,2003-02-01,LINCOLN / COPPER CREEK BOWL,BC,MT,0.0,0.0,Snowmobiler,,1,,False,False,BC,False,Backcountry,False,False,,,False,
2003,2003,1,28,2003-01-28,TETON PASS / AVALANCHE BOWL,BC,WY,0.0,0.0,Backcountry Tourer,Snowboard,1,,False,False,BC,False,Backcountry,False,False,,,False,
2003,2003,1,25,2003-01-25,TOGWOTEE PASS / KETTLE CREEK,BC,WY,0.0,0.0,Snowmobiler,,1,,False,False,BC,False,Backcountry,False,False,,,False,
2003,2003,1,22,2003-01-22,COOKE CITY / WOLVERINE PEAK,BC,MT,0.0,0.0,Snowmobiler,,1,,False,False,BC,False,Backcountry,False,False,,,False,
2003,2003,1,5,2003-01-05,GRAYS RIVER / CORRAL CREEK LAKE,BC,WY,0.0,0.0,Snowmobiler,,1,,False,False,BC,False,Backcountry,False,False,,,False,
2003,2003,1,4,2003-01-04,TETON PASS / SKI LAKE,BC,WY,0.0,0.0,Backcountry Tourer,Snowboard,1,,False,False,BC,False,Backcountry,False,False,,,False,
2003,2002,12,29,2002-12-29,CRYSTAL MOUNTAIN / NORSE PEAK,BC,WA,0.0,0.0,Backcountry Tourer,Ski,1,,False,False,BC,False,Backcountry,False,False,,,False,
2003,2002,12,28,2002-12-28,FAIRFIELD / TRINITY MTNS,BC,ID,0.0,0.0,Snowmobiler,,1,,False,False,BC,False,Backcountry,False,False,,,False,
2003,2002,12,26,2002-12-26,SNOWY RANGE W SIDE,BC,WY,0.0,0.0,Snowmobiler,,1,,False,False,BC,False,Backcountry,False,False,,,False,
2003,2002,12,15,2002-12-15,MT ROSE OB,SA,NV,0.0,0.0,Inbounds Rider,Snowboard,1,,False,False,SA,False,Ski Area,False,False,,,False,
2003,2002,11,29,2002-11-29,MT WASHINGTON / TUCKERMAN RAVINE,BC,NH,0.0,0.0,Climber,,2,,False,False,BC,False,Backcountry,False,False,,,False,
2002,2002,6,13,2002-06-13,MT FORAKER,BC,AK,0.0,0.0,Climber,Foot,3,,False,False,BC,False,Backcountry,False,False,,,False,
2002,2002,3,31,2002-03-31,EAGLE RIVER 6 MILE,BC,AK,0.0,0.0,Hiker,Snowshoe,2,,False,False,BC,False,Backcountry,False,False,,,False,
2002,2002,3,22,2002-03-22,TARGHEE CREEK,BC,MT,0.0,0.0,Snowmobiler,,1,,False,False,BC,False,Backcountry,False,False,,,False,
2002,2002,3,21,2002-03-21,JACKSON / JACKSON PEAK,BC,WY,0.0,0.0,Backcountry Tourer,Ski,1,,False,False,BC,False,Backcountry,False,False,,,False,
2002,2002,3,17,2002-03-17,FLATTOPS / PAGODA PEAK,BC,CO,40.139224219,-107.348953001,Snowmobiler,,1,,True,False,BC,False,Backcountry,False,False,,,False,
2002,2002,3,16,2002-03-16,BRIGHTON OB / PIONEER RIDGE,SA,UT,0.0,0.0,Inbounds Rider,Snowboard,2,,False,False,SA,False,Ski Area,False,False,,,False,
2002,2002,3,16,2002-03-16,WHITEFISH RANGE / SOUTH CANYON,BC,MT,0.0,0.0,Snowmobiler,,1,,False,False,BC,False,Backcountry,False,False,,,False,
2002,2002,3,15,2002-03-15,TELLURIDE OB / TEMPTER BOWL,SA,CO,37.901214044,-107.821030002,Inbounds Rider,Snowboard,1,,True,False,SA,False,Ski Area,False,False,,,False,
2002,2002,3,14,2002-03-14,ASPEN MTN OB / PANDORAS,SA,CO,39.152750204,-106.809509,Sidecountry Rider,Ski,1,,True,False,SA,False,Ski Area,False,False,,,False,
2002,2002,3,14,2002-03-14,ASHCROFT / LINDLEY HUT,BC,CO,39.004812368,-106.801826,Backcountry Tourer,Ski,1,,True,False,BC,False,Backcountry,False,False,,,False,
2002,2002,3,11,2002-03-11,VICTOR / BIG HOLE MTNS,BC,ID,0.0,0.0,Snowmobiler,,1,,False,False,BC,False,Backcountry,False,False,,,False,
2002,2002,3,9,2002-03-09,SUGAR BOWL OB / MT JUDAH,SA,CA,0.0,0.0,Inbounds Rider,Snowboard,1,,False,False,SA,False,Ski Area,False,False,,,False,
2002,2002,2,24,2002-02-24,GLENWOOD SPRINGS / MINER BASIN,BC,CO,39.360682131,-107.429977001,Snowmobiler,,1,,True,False,BC,False,Backcountry,False,False,,,False,
2002,2002,2,16,2002-02-16,COOKE CITY / MT ABUNDANCE,BC,MT,0.0,0.0,Snowmobiler,Snowmobile,2,,False,False,BC,False,Backcountry,False,False,,,False,
2002,2002,2,10,2002-02-10,WHITEFISH RANGE,BC,MT,0.0,0.0,Snowmobiler,,1,,False,False,BC,False,Backcountry,False,False,,,False,
2002,2002,2,6,2002-02-06,CRYSTAL PEAK / FRIENDS HUT,BC,CO,38.958063447,-106.798096,Backcountry Tourer,Ski,1,,True,False,BC,False,Backcountry,False,False,,,False,
2002,2002,2,1,2002-02-01,ASPEN HIGHLANDS,SA,CO,39.167724914,-106.866333,Sidecountry Rider,Ski,1,,True,False,SA,False,Ski Area,False,False,,,False,
2002,2002,1,31,2002-01-31,WEBER CANYON,BC,UT,0.0,0.0,Backcountry Tourer,Ski,1,,False,False,BC,False,Backcountry,False,False,,,False,
2002,2002,1,26,2002-01-26,BONNER SHEEP MTN,BC,MT,0.0,0.0,Snowmobiler,Snowmobile,4,,False,False,BC,False,Backcountry,False,False,,,False,
2002,2002,1,12,2002-01-12,PAXSON SUMMIT LAKE,BC,AK,0.0,0.0,Snowmobiler,Snowmobile,2,,False,False,BC,False,Backcountry,False,False,,,False,
2002,2001,12,31,2001-12-31,PHILIPSBURG,BC,MT,0.0,0.0,Snowmobiler,,1,,False,False,BC,False,Backcountry,False,False,,,False,
2002,2001,12,24,2001-12-24,CANTWELL,BC,AK,0.0,0.0,Snowmobiler,,1,,False,False,BC,False,Backcountry,False,False,,,False,
2002,2001,12,23,2001-12-23,HOPE PALMER CREEK ROAD,BC,AK,0.0,0.0,Snowmobiler,,1,,False,False,BC,False,Backcountry,False,False,,,False,
2002,2001,12,12,2001-12-12,CORDOVA,BC,AK,0.0,0.0,Snowmobiler,,1,,False,False,BC,False,Backcountry,False,False,,,False,
2002,2001,11,28,2001-11-28,YANKEE DOODLE LAKE,BC,CO,39.93797283,-105.655472,Backcountry Tourer,Ski,1,,True,False,BC,False,Backcountry,False,False,,,False,
2002,2001,11,11,2001-11-11,HATCHER PASS,BC,AK,0.0,0.0,Hiker,Snowshoe,1,,False,False,BC,False,Backcountry,False,False,,,False,
2001,2001,4,28,2001-04-28,BIG COTTONWOOD CYN / STAIRS GU,BC,UT,0.0,0.0,Climber,Snowshoe,2,,False,False,BC,False,Backcountry,False,False,,,False,
2001,2001,4,11,2001-04-11,MT BAKER,BC,WA,0.0,0.0,Snowmobiler,,1,,False,False,BC,False,Backcountry,False,False,,,False,
2001,2001,4,4,2001-04-04,FLATHEAD PASS / BRIDGER MTNS,BC,MT,0.0,0.0,Backcountry Tourer,Ski,1,,False,False,BC,False,Backcountry,False,False,,,False,
2001,2001,4,4,2001-04-04,WEST YELLOWSTONE / LIONSHEAD,BC,MT,0.0,0.0,Snowmobiler,,1,,False,False,BC,False,Backcountry,False,False,,,False,
2001,2001,4,3,2001-04-03,TENMILE RANGE / W SIDE,BC,CO,39.458460511,-106.12999,Snowmobiler,,1,,True,False,BC,False,Backcountry,False,False,,,False,
2001,2001,3,18,2001-03-18,STEAMBOAT / FARWELL MTN,BC,CO,40.825879513,-106.842384,Backcountry Tourer,Ski,1,,True,False,BC,False,Backcountry,False,False,,,False,
2001,2001,3,18,2001-03-18,DELTA / SUMMIT LAKE,BC,AK,0.0,0.0,Snowmobiler,,1,,False,False,BC,False,Backcountry,False,False,,,False,
2001,2001,3,10,2001-03-10,UINTA MTNS,BC,UT,0.0,0.0,Snowmobiler,Snowmobile,2,,False,False,BC,False,Backcountry,False,False,,,False,
2001,2001,3,3,2001-03-03,GRAYS RIVER / PRATER PK,BC,WY,0.0,0.0,Snowmobiler,,1,,False,False,BC,False,Backcountry,False,False,,,False,
2001,2001,2,27,2001-02-27,CANYONS / RED ROCK CLIFFS,SA,UT,0.0,0.0,Sidecountry Rider,Ski,1,,False,False,SA,False,Ski Area,False,False,,,False,
2001,2001,2,25,2001-02-25,CRESTED BUTTE OHIO PASS,BC,CO,38.831266329,-107.096786,Backcountry Tourer,Ski,1,,True,False,BC,False,Backcountry,False,False,,,False,
2001,2001,2,23,2001-02-23,JACKSON HOLE OB APRES VOUS,BC,WY,0.0,0.0,Sidecountry Rider,Ski,1,,False,False,BC,False,Backcountry,False,False,,,False,
2001,2001,2,21,2001-02-21,SQUAW VALLEY OB,SA,CA,0.0,0.0,Sidecountry Rider,Ski,2,,False,False,SA,False,Ski Area,False,False,,,False,
2001,2001,2,17,2001-02-17,CLE ELUM LAKE ANN WENATCHEE NF,BC,WA,0.0,0.0,Snowmobiler,,1,,False,False,BC,False,Backcountry,False,False,,,False,
2001,2001,2,6,2001-02-06,JACKSON HOLE ROCK SPRINGS,SA,WY,0.0,0.0,Sidecountry Rider,Ski,1,,False,False,SA,False,Ski Area,False,False,,,False,
2001,2001,2,3,2001-02-03,EUREKA LODGE MATANUSKA RIVER,BC,AK,0.0,0.0,Snowmobiler,Snowmobile,2,,False,False,BC,False,Backcountry,False,False,,,False,
2001,2001,1,29,2001-01-29,TWIN LAKES NR LAKE WENATCHEE,BC,WA,0.0,0.0,Hiker,Snowshoe,1,,False,False,BC,False,Backcountry,False,False,,,False,
2001,2001,1,17,2001-01-17,ROCK CREEK NW OF JACKSON,BC,MT,0.0,0.0,Snowmobiler,,1,,False,False,BC,False,Backcountry,False,False,,,False,
2001,2000,12,31,2000-12-31,EMIGRANT PK ABSAROKA MTNS,BC,MT,0.0,0.0,Hiker,Foot,2,,False,False,BC,False,Backcountry,False,False,,,False,
2001,2000,12,29,2000-12-29,CAMERON PASS DIAMOND PKS,BC,CO,40.514811401,-105.899963,Snowmobiler,,1,,True,False,BC,False,Backcountry,False,False,,,False,
2001,2000,12,25,2000-12-25,TETONS DEAD HORSE PASS,BC,WY,0.0,0.0,Backcountry Tourer,Ski,1,,False,False,BC,False,Backcountry,False,False,,,False,
2001,2000,12,17,2000-12-17,MARIAS PASS PUZZLE SLIDE,BC,MT,0.0,0.0,Snowmobiler,Foot,2,,False,False,BC,False,Backcountry,False,False,,,False,
2001,2000,12,14,2000-12-14,OGDEN / WILLARD PEAK,BC,UT,0.0,0.0,Snowmobiler,,1,,False,False,BC,False,Backcountry,False,False,,,False,
2001,2000,12,9,2000-12-09,TETON PASS,BC,WY,0.0,0.0,Backcountry Tourer,Ski,1,,False,False,BC,False,Backcountry,False,False,,,False,
2001,2000,12,9,2000-12-09,CANTWELL / DENALI NP,BC,AK,0.0,0.0,Snowmobiler,,1,,False,False,BC,False,Backcountry,False,False,,,False,
2001,2000,12,1,2000-12-01,"TETON PASS, Glory Bowl",BC,WY,0.0,0.0,Backcountry Tourer,Snowboard,1,,False,False,BC,False,Backcountry,False,False,,,False,
2001,2000,11,17,2000-11-17,SUNLIGHT BASIN CODY,BC,WY,0.0,0.0,Hunter,,1,,False,False,BC,False,Backcountry,False,False,,,False,
2000,2000,4,21,2000-04-21,ABASIN MARJORIE BOWL,SA,CO,39.639007489,-105.864685,Sidecountry Rider,Ski,1,,True,False,SA,False,Ski Area,False,False,,,False,
2000,2000,4,9,2000-04-09,PAXON / SUMMIT LAKE,BC,AK,0.0,0.0,Snowmobiler,,1,,False,False,BC,False,Backcountry,False,False,,,False,
2000,2000,4,8,2000-04-08,TALKEETNA,BC,AK,0.0,0.0,Backcountry Tourer,Ski,1,,False,False,BC,False,Backcountry,False,False,,,False,
2000,2000,3,22,2000-03-22,SWAN RANGE,BC,MT,0.0,0.0,Snowmobiler,,1,,False,False,BC,False,Backcountry,False,False,,,False,
2000,2000,3,19,2000-03-19,BONNERS FERRY,BC,ID,0.0,0.0,Snowmobiler,,1,,False,False,BC,False,Backcountry,False,False,,,False,
2000,2000,3,17,2000-03-17,ASPEN HIGHLANDS,SA,CO,39.130912374,-106.888649,Backcountry Tourer,Ski,2,,True,False,SA,False,Ski Area,False,False,,,False,
2000,2000,2,20,2000-02-20,MT WASHINGTON,BC,NH,0.0,0.0,Backcountry Tourer,Ski,1,,False,False,BC,False,Backcountry,False,False,,,False,
2000,2000,2,19,2000-02-19,LAKE PLACID,BC,NY,0.0,0.0,Backcountry Tourer,Ski,1,,False,False,BC,False,Backcountry,False,False,,,False,
2000,2000,2,19,2000-02-19,ST CHARLES,BC,ID,0.0,0.0,Snowmobiler,,1,,False,False,BC,False,Backcountry,False,False,,,False,
2000,2000,2,1,2000-02-01,SEWARD HIGHWAY,RD,AK,0.0,0.0,Highway Personnel,,1,,False,False,RD,False,Road,False,False,,,False,
2000,2000,1,26,2000-01-26,CORDOVA,TN,AK,0.0,0.0,Resident,Foot,1,,False,False,TN,False,Town/Urban,False,False,,,False,
2000,2000,1,25,2000-01-25,ASPEN HURRICANE,BC,CO,0.0,0.0,Backcountry Tourer,Ski,1,,False,False,BC,False,Backcountry,False,False,,,False,
2000,2000,1,25,2000-01-25,ABASIN BEAVERS,SA,CO,0.0,0.0,Inbounds Rider,Snowboard,1,,False,False,SA,False,Ski Area,False,False,,,False,
2000,2000,1,23,2000-01-23,JONES PASS,BC,CO,39.774241429,-105.889061,Hiker,Snowshoe,1,,True,False,BC,False,Backcountry,False,False,,,False,
2000,2000,1,16,2000-01-16,CRYSTAL MTN,SA,WA,0.0,0.0,Sidecountry Rider,Ski,1,,False,False,SA,False,Ski Area,False,False,,,False,
2000,2000,1,11,2000-01-11,THE CANYONS,SA,UT,0.0,0.0,Sidecountry Rider,Ski,2,,False,False,SA,False,Ski Area,False,False,,,False,
2000,1999,12,26,1999-12-26,HATCHER PASS,BC,AK,0.0,0.0,Snowmobiler,,1,,False,False,BC,False,Backcountry,False,False,,,False,
2000,1999,12,21,1999-12-21,QUANDARY PEAK,BC,CO,39.389971675,-106.097374,Backcountry Tourer,Ski,1,,True,False,BC,False,Backcountry,False,False,,,False,
2000,1999,12,14,1999-12-14,CAMERON PASS,BC,CO,40.513930407,-105.897987,Backcountry Tourer,Ski,1,,True,False,BC,False,Backcountry,False,False,,,False,
2000,1999,11,26,1999-11-26,BIG SKY / DOBES,SA,MT,0.0,0.0,Sidecountry Rider,Ski,1,,False,False,SA,False,Ski Area,False,False,,,False,
1999,1999,5,24,1999-05-24,SITKA,TN,AK,0.0,0.0,Hiker,,1,,False,False,TN,False,Town/Urban,False,False,,,False,
1999,1999,4,29,1999-04-29,WRANGELL-ST ELIAS,BC,AK,0.0,0.0,Climber,,1,,False,False,BC,False,Backcountry,False,False,,,False,
1999,1999,4,27,1999-04-27,MT MCGINNIS JUNEAU,BC,AK,0.0,0.0,Backcountry Tourer,Snowboard,1,,False,False,BC,False,Backcountry,False,False,,,False,
1999,1999,4,16,1999-04-16,TALKEETNA MTNS CANTW,BC,AK,0.0,0.0,Snowmobiler,,1,,False,False,BC,False,Backcountry,False,False,,,False,
1999,1999,4,15,1999-04-15,CORDOVA,RD,AK,0.0,0.0,Others at Work,,1,,False,False,RD,False,Road,False,False,,,False,
1999,1999,4,7,1999-04-07,OPHIR,BC,CO,0.0,0.0,Backcountry Tourer,Ski,1,,False,False,BC,False,Backcountry,False,False,,,False,
1999,1999,4,3,1999-04-03,CHUGACH MTNS,BC,AK,0.0,0.0,Snowmobiler,,1,,False,False,BC,False,Backcountry,False,False,,,False,
1999,1999,3,21,1999-03-21,TURNAGAIN PASS,BC,AK,0.0,0.0,Snowmobiler,,6,,False,False,BC,False,Backcountry,False,False,,,False,
1999,1999,2,14,1999-02-14,MT BAKER,SA,WA,0.0,0.0,Sidecountry Rider,Ski,1,,False,False,SA,False,Ski Area,False,False,,,False,
1999,1999,2,6,1999-02-06,CUMBERLAND PASS,BC,CO,0.0,0.0,Backcountry Tourer,Ski,2,,False,False,BC,False,Backcountry,False,False,,,False,
1999,1999,2,6,1999-02-06,LITTLE COTTON WD CNY,BC,UT,0.0,0.0,Hiker,Snowshoe,1,,False,False,BC,False,Backcountry,False,False,,,False,
1999,1999,2,6,1999-02-06,CUMBERLAND PASS,BC,CO,0.0,0.0,Snowmobiler,,1,,False,False,BC,False,Backcountry,False,False,,,False,
1999,1999,2,6,1999-02-06,DONNER SUMMIT,BC,CA,0.0,0.0,Snowplayer,,1,,False,False,BC,False,Backcountry,False,False,,,False,
1999,1999,1,30,1999-01-30,GRAND MESA,BC,CO,0.0,0.0,Snowmobiler,,1,,False,False,BC,False,Backcountry,False,False,,,False,
1999,1999,1,29,1999-01-29,BLUE MOUNTAINS,BC,OR,0.0,0.0,Backcountry Tourer,Snowboard,1,,False,False,BC,False,Backcountry,False,False,,,False,
1999,1999,1,29,1999-01-29,S WASATCH MT NEBO,BC,UT,0.0,0.0,Snowmobiler,,1,,False,False,BC,False,Backcountry,False,False,,,False,
1999,1999,1,22,1999-01-22,ASPEN HIGHLANDS,SA,CO,0.0,0.0,Sidecountry Rider,Ski,1,,False,False,SA,False,Ski Area,False,False,,,False,
1999,1999,1,19,1999-01-19,JACKSON HOLE,SA,WY,0.0,0.0,Inbounds Rider,Snowboard,1,,False,False,SA,False,Ski Area,False,False,,,False,
1999,1999,1,18,1999-01-18,MT BAKER,SA,WA,0.0,0.0,Sidecountry Rider,Ski,1,,False,False,SA,False,Ski Area,False,False,,,False,
1999,1999,1,4,1999-01-04,TOGWOTEE PASS,BC,WY,0.0,0.0,Snowmobiler,,1,,False,False,BC,False,Backcountry,False,False,,,False,
1999,1999,1,2,1999-01-02,FAIRVIEW CANYON,BC,UT,0.0,0.0,Backcountry Tourer,Snowboard,2,,False,False,BC,False,Backcountry,False,False,,,False,
1999,1998,12,30,1998-12-30,BITTERROOT MTNS,BC,MT,0.0,0.0,Snowmobiler,,1,,False,False,BC,False,Backcountry,False,False,,,False,
1999,1998,11,15,1998-11-15,LIMA PKS S OF DILLON,BC,MT,0.0,0.0,Hunter,,1,,False,False,BC,False,Backcountry,False,False,,,False,
1999,1998,11,7,1998-11-07,SNOWBIRD,BC,UT,0.0,0.0,Sidecountry Rider,Snowboard,1,,False,False,BC,False,Backcountry,False,False,,,False,
1998,1998,6,11,1998-06-11,MT RAINER,BC,WA,0.0,0.0,Climber,,1,,False,False,BC,False,Backcountry,False,False,,,False,
1998,1998,5,31,1998-05-31,MT HOOD,BC,OR,0.0,0.0,Climber,,1,,False,False,BC,False,Backcountry,False,False,,,False,
1998,1998,4,25,1998-04-25,DENALI /,BC,AK,0.0,0.0,Snowmobiler,,1,,False,False,BC,False,Backcountry,False,False,,,False,
1998,1998,4,19,1998-04-19,BERTHOUD PASS russel,BC,CO,0.0,0.0,Hiker,Snowshoe,1,,False,False,BC,False,Backcountry,False,False,,,False,
1998,1998,4,1,1998-04-01,ST MARYS GLACIER,BC,CO,0.0,0.0,Hiker,,1,,False,False,BC,False,Backcountry,False,False,,,False,
1998,1998,3,8,1998-03-08,ASPEN MTN,SA,CO,0.0,0.0,Sidecountry Rider,Ski,1,,False,False,SA,False,Ski Area,False,False,,,False,
1998,1998,3,1,1998-03-01,BERTHOUD PASS russel,BC,CO,0.0,0.0,Sidecountry Rider,Snowboard,1,,False,False,BC,False,Backcountry,False,False,,,False,
1998,1998,2,22,1998-02-22,MORMOM HILL,BC,ID,0.0,0.0,Snowmobiler,,1,,False,False,BC,False,Backcountry,False,False,,,False,
1998,1998,2,11,1998-02-11,DONNER PASS,BC,CA,0.0,0.0,Sidecountry Rider,Snowboard,1,,False,False,BC,False,Backcountry,False,False,,,False,
1998,1998,1,24,1998-01-24,INSPIRATION PASS,BC,MT,0.0,0.0,Snowmobiler,,1,,False,False,BC,False,Backcountry,False,False,,,False,
1998,1998,1,21,1998-01-21,LIZARD HEAD PASS San Bernardo Pk,BC,CO,0.0,0.0,Backcountry Tourer,Snowboard,1,,False,False,BC,False,Backcountry,False,False,,,False,
1998,1998,1,18,1998-01-18,BLEWETT PASS,BC,WA,0.0,0.0,Snowmobiler,,1,,False,False,BC,False,Backcountry,False,False,,,False,
1998,1998,1,18,1998-01-18,SUMMIT CNTY,BC,UT,0.0,0.0,Snowmobiler,,1,,False,False,BC,False,Backcountry,False,False,,,False,
1998,1998,1,18,1998-01-18,MADISON RANGE,BC,MT,0.0,0.0,Snowmobiler,,1,,False,False,BC,False,Backcountry,False,False,,,False,
1998,1998,1,18,1998-01-18,COOKE CITY,BC,MT,0.0,0.0,Snowmobiler,Snowmobile,3,,False,False,BC,False,Backcountry,False,False,,,False,
1998,1998,1,17,1998-01-17,MT PLEASANT,BC,UT,0.0,0.0,Snowmobiler,,1,,False,False,BC,False,Backcountry,False,False,,,False,
1998,1998,1,11,1998-01-11,ENCAMPMENT battle lk,BC,WY,0.0,0.0,Snowmobiler,,1,,False,False,BC,False,Backcountry,False,False,,,False,
1998,1998,1,3,1998-01-03,MISSION MTNS,BC,MT,0.0,0.0,Climber,,1,,False,False,BC,False,Backcountry,False,False,,,False,
1998,1998,1,3,1998-01-03,HAMILTON,BC,MT,0.0,0.0,Snowmobiler,,1,,False,False,BC,False,Backcountry,False,False,,,False,
1998,1998,1,3,1998-01-03,ISLAND PARK reas pk,BC,ID,0.0,0.0,Snowmobiler,,1,,False,False,BC,False,Backcountry,False,False,,,False,
1998,1998,1,3,1998-01-03,ISLAND PARK sawtell,BC,ID,0.0,0.0,Snowmobiler,,1,,False,False,BC,False,Backcountry,False,False,,,False,
1998,1997,12,30,1997-12-30,GUANELLA PASS,BC,CO,0.0,0.0,Hiker,Snowshoe,1,,False,False,BC,False,Backcountry,False,False,,,False,
1998,1997,11,23,1997-11-23,CROW PASS,BC,AK,0.0,0.0,Hiker,,1,,False,False,BC,False,Backcountry,False,False,,,False,
1998,1997,11,9,1997-11-09,HATCHER PASS,BC,AK,0.0,0.0,Backcountry Tourer,Snowboard,1,,False,False,BC,False,Backcountry,False,False,,,False,
1997,1997,7,5,1997-07-05,GLADSTONE PK,BC,CO,0.0,0.0,Climber,,1,,False,False,BC,False,Backcountry,False,False,,,False,
1997,1997,6,6,1997-06-06,DENALI / MT HUNTER,BC,AK,0.0,0.0,Climber,,1,,False,False,BC,False,Backcountry,False,False,,,False,
1997,1997,5,29,1997-05-29,DENALI / MT MCKINELY,BC,AK,0.0,0.0,Climber,,1,,False,False,BC,False,Backcountry,False,False,,,False,
1997,1997,4,11,1997-04-11,GAKONA GLACIER,BC,AK,0.0,0.0,Snowmobiler,,1,,False,False,BC,False,Backcountry,False,False,,,False,
1997,1997,3,8,1997-03-08,PRIEST LAKE,BC,ID,0.0,0.0,Snowmobiler,,1,,False,False,BC,False,Backcountry,False,False,,,False,
1997,1997,3,3,1997-03-03,YELLOWSTONE,BC,WY,0.0,0.0,Others at Work,,2,,False,False,BC,False,Backcountry,False,False,,,False,
1997,1997,2,21,1997-02-21,JACKSON,BC,MT,0.0,0.0,Snowmobiler,,1,,False,False,BC,False,Backcountry,False,False,,,False,
1997,1997,2,1,1997-02-01,CASCADE,BC,ID,0.0,0.0,Snowmobiler,,1,,False,False,BC,False,Backcountry,False,False,,,False,
1997,1997,1,25,1997-01-25,LOGAN CANYON BV FALL,BC,UT,0.0,0.0,Climber,,1,,False,False,BC,False,Backcountry,False,False,,,False,
1997,1997,1,17,1997-01-17,RESURRECTION PASS,BC,AK,0.0,0.0,Hunter,,1,,False,False,BC,False,Backcountry,False,False,,,False,
1997,1997,1,11,1997-01-11,LOGAN CANYON,BC,UT,0.0,0.0,Backcountry Tourer,Foot,3,,False,False,BC,False,Backcountry,False,False,,,False,
1997,1997,1,11,1997-01-11,MONTPEILER,BC,ID,0.0,0.0,Snowmobiler,,1,,False,False,BC,False,Backcountry,False,False,,,False,
1997,1996,12,28,1996-12-28,MT INDEX,BC,WA,0.0,0.0,Misc Recreation,,3,,False,False,BC,False,Backcountry,False,False,,,False,
1997,1996,12,26,1996-12-26,Flagstaff Peak near ALTA,BC,UT,0.0,0.0,Backcountry Tourer,Snowboard,1,,False,False,BC,False,Backcountry,False,False,,,False,
1997,1996,12,23,1996-12-23,CHAIR MOUNTAIN,BC,WA,0.0,0.0,Climber,,2,,False,False,BC,False,Backcountry,False,False,,,False,
1997,1996,12,8,1996-12-08,BOUNTIFUL PK,BC,UT,0.0,0.0,Snowmobiler,,1,,False,False,BC,False,Backcountry,False,False,,,False,
1996,1996,6,24,1996-06-24,MT HUNTER,BC,AK,0.0,0.0,Climber,,2,,False,False,BC,False,Backcountry,False,False,,,False,
1996,1996,6,12,1996-06-12,MT SAINT ELIAS,BC,AK,0.0,0.0,Climber,,1,,False,False,BC,False,Backcountry,False,False,,,False,
1996,1996,5,13,1996-05-13,MT HUNTER,BC,AK,0.0,0.0,Climber,,2,,False,False,BC,False,Backcountry,False,False,,,False,
1996,1996,3,24,1996-03-24,LITTLE COTTONWOOD CN,BC,UT,0.0,0.0,Backcountry Tourer,Ski,1,,False,False,BC,False,Backcountry,False,False,,,False,
1996,1996,3,24,1996-03-24,MT WASHINGTON,BC,NH,0.0,0.0,Hiker,,2,,False,False,BC,False,Backcountry,False,False,,,False,
1996,1996,3,9,1996-03-09,W YELLOWSTONE,BC,MT,0.0,0.0,Snowmobiler,,1,,False,False,BC,False,Backcountry,False,False,,,False,
1996,1996,3,4,1996-03-04,EAST VAIL CHUTES,SA,CO,0.0,0.0,Sidecountry Rider,Ski,1,,False,False,SA,False,Ski Area,False,False,,,False,
1996,1996,2,25,1996-02-25,W YELLOWSTONE,BC,MT,0.0,0.0,Snowmobiler,,1,,False,False,BC,False,Backcountry,False,False,,,False,
1996,1996,2,21,1996-02-21,VAIL,TN,CO,0.0,0.0,Resident,Foot,1,,False,False,TN,False,Town/Urban,False,False,,,False,
1996,1996,2,18,1996-02-18,DELTA RANGE,BC,AK,0.0,0.0,Climber,,3,,False,False,BC,False,Backcountry,False,False,,,False,
1996,1996,2,11,1996-02-11,MISSION MTNS POULSON,BC,MT,0.0,0.0,Snowmobiler,,1,,False,False,BC,False,Backcountry,False,False,,,False,
1996,1996,2,10,1996-02-10,SUN VALLEY,BC,ID,0.0,0.0,Mechanized Guide,,1,,False,False,BC,False,Backcountry,False,False,,,False,
1996,1996,2,10,1996-02-10,SALT MTN RNG,BC,WY,0.0,0.0,Snowmobiler,,1,,False,False,BC,False,Backcountry,False,False,,,False,
1996,1996,2,4,1996-02-04,TAOS,BC,NM,0.0,0.0,Backcountry Tourer,Ski,1,,False,False,BC,False,Backcountry,False,False,,,False,
1996,1996,2,4,1996-02-04,ABASIN BEAVERS 2,BC,CO,0.0,0.0,Sidecountry Rider,Snowboard,1,,False,False,BC,False,Backcountry,False,False,,,False,
1996,1996,2,3,1996-02-03,COTTONWOOD PASS,BC,CO,0.0,0.0,Snowmobiler,,1,,False,False,BC,False,Backcountry,False,False,,,False,
1996,1996,2,2,1996-02-02,SOLITUDE,SA,UT,0.0,0.0,Ski Patroller,,1,,False,False,SA,False,Ski Area,False,False,,,False,
1996,1996,1,27,1996-01-27,ASPEN PYRAMID PK,BC,CO,0.0,0.0,Climber,,1,,False,False,BC,False,Backcountry,False,False,,,False,
1996,1996,1,23,1996-01-23,ASPEN MCFARLANE BOWL,BC,CO,0.0,0.0,Backcountry Tourer,Ski,1,,False,False,BC,False,Backcountry,False,False,,,False,
1996,1996,1,21,1996-01-21,CENTENIAL,BC,WY,0.0,0.0,Backcountry Tourer,Ski,1,,False,False,BC,False,Backcountry,False,False,,,False,
1996,1996,1,14,1996-01-14,SNAKE RIV CNYN,SA,WY,0.0,0.0,Mechanized Guided Client,,1,,False,False,SA,False,Ski Area,False,False,,,False,
1996,1996,1,5,1996-01-05,GALENA PASS,BC,ID,0.0,0.0,Backcountry Tourer,Snowboard,2,,False,False,BC,False,Backcountry,False,False,,,False,
1996,1996,1,5,1996-01-05,MT WASHINGTON,BC,NH,0.0,0.0,Hiker,,1,,False,False,BC,False,Backcountry,False,False,,,False,
1996,1995,12,31,1995-12-31,VAIL PASS Narrows,BC,CO,0.0,0.0,Backcountry Tourer,Snowboard,1,,False,False,BC,False,Backcountry,False,False,,,False,
1995,1995,6,14,1995-06-14,TIOGA PASS,BC,CA,0.0,0.0,Highway Personnel,,1,,False,False,BC,False,Backcountry,False,False,,,False,
1995,1995,6,0,1995-05-31,GLACIER NP,BC,MT,0.0,0.0,Climber,,1,,False,False,BC,False,Backcountry,False,False,,,False,
1995,1995,4,24,1995-04-24,TETON PASS,BC,WY,0.0,0.0,Backcountry Tourer,Snowboard,1,,False,False,BC,False,Backcountry,False,False,,,False,
1995,1995,4,24,1995-04-24,PIKES PEAK,BC,CO,0.0,0.0,Backcountry Tourer,Ski,1,,False,False,BC,False,Backcountry,False,False,,,False,
1995,1995,4,24,1995-04-24,MT ORVILLE GLAC BAY,BC,AK,0.0,0.0,Climber,,3,,False,False,BC,False,Backcountry,False,False,,,False,
1995,1995,4,24,1995-04-24,ANACONDA,BC,MT,0.0,0.0,Snowmobiler,,2,,False,False,BC,False,Backcountry,False,False,,,False,
1995,1995,4,9,1995-04-09,ENGINEER MTN,BC,CO,0.0,0.0,Climber,,1,,False,False,BC,False,Backcountry,False,False,,,False,
1995,1995,2,25,1995-02-25,DOUGLAS ISLAND,BC,AK,0.0,0.0,Backcountry Tourer,Ski,1,,False,False,BC,False,Backcountry,False,False,,,False,
1995,1995,2,25,1995-02-25,"RUBY CK, URAD MINE",BC,CO,0.0,0.0,Snowmobiler,,1,,False,False,BC,False,Backcountry,False,False,,,False,
1995,1995,2,22,1995-02-22,KENAI MTNS,BC,AK,0.0,0.0,Snowmobiler,,1,,False,False,BC,False,Backcountry,False,False,,,False,
1995,1995,2,14,1995-02-14,CONUNDRUM CREEK,RS,CO,0.0,0.0,Resident,Foot,1,,False,False,RS,False,Railroad,False,False,,,False,
1995,1995,2,12,1995-02-12,BIG COTTONWOOD CYN,BC,UT,0.0,0.0,Backcountry Tourer,Ski,1,,False,False,BC,False,Backcountry,False,False,,,False,
1995,1995,2,12,1995-02-12,DRY GULCH,BC,CO,0.0,0.0,Backcountry Tourer,Ski,1,,False,False,BC,False,Backcountry,False,False,,,False,
1995,1995,1,30,1995-01-30,"Agassiz Peak, east of ARIZONA SNOWBOWL",BC,AZ,0.0,0.0,Sidecountry Rider,Snowboard,1,,False,False,BC,False,Backcountry,False,False,,,False,
1995,1995,1,24,1995-01-24,MT BALDY,SA,CA,0.0,0.0,Inbounds Rider,Snowboard,1,,False,False,SA,False,Ski Area,False,False,,,False,
1995,1995,1,22,1995-01-22,MIDWAY,RS,UT,0.0,0.0,Resident,Foot,1,,False,False,RS,False,Railroad,False,False,,,False,
1995,1995,1,21,1995-01-21,KELBER PASS,BC,CO,0.0,0.0,Snowmobiler,,1,,False,False,BC,False,Backcountry,False,False,,,False,
1995,1995,1,14,1995-01-14,FRANCIES CABIN,BC,CO,0.0,0.0,Backcountry Tourer,Ski,1,,False,False,BC,False,Backcountry,False,False,,,False,
1995,1995,1,7,1995-01-07,"CUTLER BASIN, OGDEN",BC,UT,0.0,0.0,Snowmobiler,,2,,False,False,BC,False,Backcountry,False,False,,,False,
1995,1994,12,17,1994-12-17,MISSION RIDGE,SA,WA,0.0,0.0,Ski Patroller,,1,,False,False,SA,False,Ski Area,False,False,,,False,
1995,1994,11,6,1994-11-06,SNOWBIRD,BC,UT,0.0,0.0,Backcountry Tourer,Ski,1,,False,False,BC,False,Backcountry,False,False,,,False,
1995,1994,11,2,1994-11-02,HATCHER PASS,BC,AK,0.0,0.0,Backcountry Tourer,Ski,1,,False,False,BC,False,Backcountry,False,False,,,False,
1995,1994,10,16,1994-10-16,MT BELFORD,BC,CO,0.0,0.0,Climber,,2,,False,False,BC,False,Backcountry,False,False,,,False,
1994,1994,7,23,1994-07-23,MT HOOD,BC,OR,0.0,0.0,Climber,,2,,False,False,BC,False,Backcountry,False,False,,,False,
1994,1994,4,9,1994-04-09,COAL BANK PASS,BC,CO,0.0,0.0,Backcountry Tourer,Ski,1,,False,False,BC,False,Backcountry,False,False,,,False,
1994,1994,3,28,1994-03-28,"POWERLINE PASS, CHUG",BC,AK,0.0,0.0,Snowmobiler,,1,,False,False,BC,False,Backcountry,False,False,,,False,
1994,1994,3,27,1994-03-27,"BOULDER CRK, KENAI",BC,AK,0.0,0.0,Snowmobiler,,1,,False,False,BC,False,Backcountry,False,False,,,False,
1994,1994,2,25,1994-02-25,GRAYS RIVER RD,BC,WY,0.0,0.0,Snowmobiler,,1,,False,False,BC,False,Backcountry,False,False,,,False,
1994,1994,2,18,1994-02-18,BRIGHTON,BC,UT,0.0,0.0,Backcountry Tourer,Ski,1,,False,False,BC,False,Backcountry,False,False,,,False,
1994,1994,1,8,1994-01-08,COOKE CITY,BC,MT,0.0,0.0,Snowmobiler,,1,,False,False,BC,False,Backcountry,False,False,,,False,
1994,1993,12,31,1993-12-31,PETERS RIDGE,BC,MT,0.0,0.0,Snowmobiler,,5,,False,False,BC,False,Backcountry,False,False,,,False,
1993,1993,8,15,1993-08-15,BARNARD GLACIER,BC,AK,0.0,0.0,Hunter,,1,,False,False,BC,False,Backcountry,False,False,,,False,
1993,1993,6,17,1993-06-17,BLACKSTONE BAY,BC,AK,0.0,0.0,Misc Recreation,,1,,False,False,BC,False,Backcountry,False,False,,,False,
1993,1993,4,9,1993-04-09,BUFFALO MT,BC,CO,0.0,0.0,Backcountry Tourer,Ski,2,,False,False,BC,False,Backcountry,False,False,,,False,
1993,1993,4,8,1993-04-08,WOLVERINE CIRQ,BC,UT,0.0,0.0,Backcountry Tourer,Ski,1,,False,False,BC,False,Backcountry,False,False,,,False,
1993,1993,4,8,1993-04-08,CRESTED BUTTE,SA,CO,0.0,0.0,Ski Patroller,,1,,False,False,SA,False,Ski Area,False,False,,,False,
1993,1993,4,3,1993-04-03,ODYSSEY MT,BC,AK,0.0,0.0,Backcountry Tourer,Ski,1,,False,False,BC,False,Backcountry,False,False,,,False,
1993,1993,4,3,1993-04-03,GAKONA GLACIER,BC,AK,0.0,0.0,Snowmobiler,,1,,False,False,BC,False,Backcountry,False,False,,,False,
1993,1993,3,18,1993-03-18,ST HWY 280,RD,NY,0.0,0.0,Motorist,,1,,False,False,RD,False,Road,False,False,,,False,
1993,1993,2,25,1993-02-25,PINE CRST,BC,UT,0.0,0.0,Backcountry Tourer,Ski,1,,False,False,BC,False,Backcountry,False,False,,,False,
1993,1993,2,22,1993-02-22,"TODD LAKE, near BEND",BC,OR,0.0,0.0,Backcountry Tourer,Snowboard,1,,False,False,BC,False,Backcountry,False,False,,,False,
1993,1993,2,22,1993-02-22,TWOTOP MOUNTAIN,BC,ID,0.0,0.0,Snowmobiler,,1,,False,False,BC,False,Backcountry,False,False,,,False,
1993,1993,2,13,1993-02-13,ARAPAHOE BASIN,SA,CO,0.0,0.0,Sidecountry Rider,Ski,1,,False,False,SA,False,Ski Area,False,False,,,False,
1993,1993,1,26,1993-01-26,10 MILE CANYON,BC,CO,0.0,0.0,Climber,,1,,False,False,BC,False,Backcountry,False,False,,,False,
1993,1993,1,22,1993-01-22,BRECKENRIDGE,BC,CO,0.0,0.0,Sidecountry Rider,Ski,1,,False,False,BC,False,Backcountry,False,False,,,False,
1993,1993,1,16,1993-01-16,SUNDANCE,SA,UT,0.0,0.0,Sidecountry Rider,Ski,1,,False,False,SA,False,Ski Area,False,False,,,False,
1993,1993,1,13,1993-01-13,SUNLIGHT,SA,CO,0.0,0.0,Inbounds Rider,Snowboard,1,,False,False,SA,False,Ski Area,False,False,,,False,
1993,1993,1,12,1993-01-12,EAST VAIL,BC,CO,0.0,0.0,Sidecountry Rider,Ski,1,,False,False,BC,False,Backcountry,False,False,,,False,
1993,1993,1,9,1993-01-09,CAMERON PASS,BC,CO,0.0,0.0,Backcountry Tourer,Ski,1,,False,False,BC,False,Backcountry,False,False,,,False,
1993,1993,1,9,1993-01-09,MISSOULA,BC,MT,0.0,0.0,Hiker,,1,,False,False,BC,False,Backcountry,False,False,,,False,
1993,1992,12,30,1992-12-30,MAMMOTH LAKES,TN,CA,0.0,0.0,Snowplayer,Snowboard,1,,False,False,TN,False,Town/Urban,False,False,,,False,
1993,1992,12,28,1992-12-28,TOGWOTEE PASS,BC,WY,0.0,0.0,Backcountry Tourer,Ski,1,,False,False,BC,False,Backcountry,False,False,,,False,
1993,1992,12,21,1992-12-21,STANLEY,BC,ID,0.0,0.0,Others at Work,,1,,False,False,BC,False,Backcountry,False,False,,,False,
1993,1992,12,3,1992-12-03,EAST VAIL CHUTES,BC,CO,0.0,0.0,Sidecountry Rider,Ski,1,,False,False,BC,False,Backcountry,False,False,,,False,
1993,1992,11,22,1992-11-22,HEALY,TN,AK,0.0,0.0,Snowplayer,,1,,False,False,TN,False,Town/Urban,False,False,,,False,
1993,1992,11,8,1992-11-08,CHUGACH MTNS,BC,AK,0.0,0.0,Backcountry Tourer,Ski,2,,False,False,BC,False,Backcountry,False,False,,,False,
1993,1992,11,1,1992-11-01,Rocky Mountain Nat Park / FLATTOP,BC,CO,0.0,0.0,Climber,,2,,False,False,BC,False,Backcountry,False,False,,,False,
1992,1992,6,18,1992-06-18,MT FORAKER,BC,AK,0.0,0.0,Climber,,2,,False,False,BC,False,Backcountry,False,False,,,False,
1992,1992,6,13,1992-06-13,LOOKOUT PK,BC,CO,0.0,0.0,Climber,,1,,False,False,BC,False,Backcountry,False,False,,,False,
1992,1992,6,13,1992-06-13,S MAROON PK,BC,CO,0.0,0.0,Climber,,2,,False,False,BC,False,Backcountry,False,False,,,False,
1992,1992,4,1,1992-04-01,BERTHOUD PASS,BC,CO,0.0,0.0,Backcountry Tourer,Ski,1,,False,False,BC,False,Backcountry,False,False,,,False,
1992,1992,4,1,1992-04-01,SNOWBIRD,BC,UT,0.0,0.0,Sidecountry Rider,Ski,1,,False,False,BC,False,Backcountry,False,False,,,False,
1992,1992,3,29,1992-03-29,MONTEZUMA,BC,CO,0.0,0.0,Mechanized Guided Client,,1,,False,False,BC,False,Backcountry,False,False,,,False,
1992,1992,3,5,1992-03-05,RED MOUNTAIN PASS,RD,CO,0.0,0.0,Highway Personnel,,1,,False,False,RD,False,Road,False,False,,,False,
1992,1992,3,1,1992-03-01,LOST LAKE,BC,CO,0.0,0.0,Hiker,Snowshoe,1,,False,False,BC,False,Backcountry,False,False,,,False,
1992,1992,2,29,1992-02-29,MT RAINER,BC,WA,0.0,0.0,Climber,,2,,False,False,BC,False,Backcountry,False,False,,,False,
1992,1992,2,29,1992-02-29,JED SMITH WILDX,BC,WY,0.0,0.0,Snowmobiler,,1,,False,False,BC,False,Backcountry,False,False,,,False,
1992,1992,2,25,1992-02-25,SNEFFELS RANGE,BC,CO,0.0,0.0,Backcountry Tourer,Ski,1,,False,False,BC,False,Backcountry,False,False,,,False,
1992,1992,2,23,1992-02-23,YELLOWSTONE,BC,WY,0.0,0.0,Others at Work,,1,,False,False,BC,False,Backcountry,False,False,,,False,
1992,1992,2,18,1992-02-18,BEAVER CREEK,SA,CO,0.0,0.0,Sidecountry Rider,Ski,1,,False,False,SA,False,Ski Area,False,False,,,False,
1992,1992,2,13,1992-02-13,MT ROSE,BC,NV,0.0,0.0,Backcountry Tourer,Ski,1,,False,False,BC,False,Backcountry,False,False,,,False,
1992,1992,2,12,1992-02-12,LA SAL MTNS,BC,UT,0.0,0.0,Backcountry Tourer,Ski,4,,False,False,BC,False,Backcountry,False,False,,,False,
1992,1992,2,11,1992-02-11,MT BALDY,SA,CA,0.0,0.0,Sidecountry Rider,Ski,2,,False,False,SA,False,Ski Area,False,False,,,False,
1992,1992,2,4,1992-02-04,COOKE CITY,BC,MT,0.0,0.0,Snowmobiler,,1,,False,False,BC,False,Backcountry,False,False,,,False,
1991,1991,4,20,1991-04-20,LONGS PEAK RMNP,BC,CO,0.0,0.0,Climber,,1,,False,False,BC,False,Backcountry,False,False,,,False,
1991,1991,3,17,1991-03-17,LOVELAND PASS / GRIZZLY PK,BC,CO,0.0,0.0,Snowplayer,,1,,False,False,BC,False,Backcountry,False,False,,,False,
1991,1991,3,6,1991-03-06,CASTLE CREEK,BC,CO,0.0,0.0,Backcountry Tourer,Ski,1,,False,False,BC,False,Backcountry,False,False,,,False,
1991,1991,2,24,1991-02-24,MT WASHINGTON TUCKMANS,BC,NH,0.0,0.0,Climber,,1,,False,False,BC,False,Backcountry,False,False,,,False,
1991,1991,2,17,1991-02-17,COTTENWOOD PASS,BC,CO,0.0,0.0,Snowmobiler,,1,,False,False,BC,False,Backcountry,False,False,,,False,
1991,1991,2,5,1991-02-05,ARAPAHOE BASIN OB,BC,CO,0.0,0.0,Sidecountry Rider,Ski,1,,False,False,BC,False,Backcountry,False,False,,,False,
1991,1990,12,29,1990-12-29,POWERLINE PASS,BC,AK,0.0,0.0,Snowmobiler,,1,,False,False,BC,False,Backcountry,False,False,,,False,
1991,1990,12,2,1990-12-02,TENMILE RANGE / FLETCHER MTN,BC,CO,0.0,0.0,Climber,,1,,False,False,BC,False,Backcountry,False,False,,,False,
1991,1990,11,7,1990-11-07,LAPLATA MTNS,BC,CO,0.0,0.0,Backcountry Tourer,Ski,1,,False,False,BC,False,Backcountry,False,False,,,False,
1990,1990,3,15,1990-03-15,ALPINE MEADOWS / MUNCHKIN CHUTES / CHADS CLIFF,SA,CA,0.0,0.0,Sidecountry Rider,Ski,1,,False,False,SA,False,Ski Area,False,False,,,False,
1990,1990,3,7,1990-03-07,RED MOUNTAIN PASS / OH BOY,BC,CO,0.0,0.0,Backcountry Tourer,Ski,1,,False,False,BC,False,Backcountry,False,False,,,False,
1990,1990,3,3,1990-03-03,HOMER,RS,AK,0.0,0.0,Snowplayer,,1,,False,False,RS,False,Railroad,False,False,,,False,
1990,1990,2,25,1990-02-25,FREMONT PASS,BC,CO,0.0,0.0,Backcountry Tourer,Snowboard,1,,False,False,BC,False,Backcountry,False,False,,,False,
1990,1990,2,18,1990-02-18,CRESTED BUTTE,SA,CO,0.0,0.0,Sidecountry Rider,Ski,1,,False,False,SA,False,Ski Area,False,False,,,False,
1990,1990,1,18,1990-01-18,WEST YELLOWSTONE / LIONSHEAD MTN,BC,MT,0.0,0.0,Snowmobiler,,1,,False,False,BC,False,Backcountry,False,False,,,False,
1990,1990,1,2,1990-01-02,VAIL / OB MUSHROOM BOWL,SA,CO,0.0,0.0,Sidecountry Rider,Ski,1,,False,False,SA,False,Ski Area,False,False,,,False,
1990,1989,11,26,1989-11-26,LOGAN CANYON,BC,UT,0.0,0.0,Backcountry Tourer,Ski,1,,False,False,BC,False,Backcountry,False,False,,,False,
1989,1989,4,2,1989-04-02,LOVELAND PASS,BC,CO,0.0,0.0,Backcountry Tourer,Ski,1,,False,False,BC,False,Backcountry,False,False,,,False,
1989,1989,3,4,1989-03-04,RUBY MTNS,BC,NV,0.0,0.0,Backcountry Tourer,Ski,1,,False,False,BC,False,Backcountry,False,False,,,False,
1989,1989,2,19,1989-02-19,MT HOOD MDWS,SA,OR,0.0,0.0,Ski Patroller,,1,,False,False,SA,False,Ski Area,False,False,,,False,
1989,1989,2,14,1989-02-14,TELLURIDE,BC,CO,0.0,0.0,Sidecountry Rider,Ski,2,,False,False,BC,False,Backcountry,False,False,,,False,
1989,1989,2,5,1989-02-05,CRESTED BUTTE,TN,CO,0.0,0.0,Resident,Foot,1,,False,False,TN,False,Town/Urban,False,False,,,False,
1989,1988,12,6,1988-12-06,KENI PENINSULA / TINCAN PEAK,BC,AK,0.0,0.0,Backcountry Tourer,Ski,1,,False,False,BC,False,Backcountry,False,False,,,False,
1988,1988,6,16,1988-06-16,MT BLACKBURN,BC,AK,0.0,0.0,Climber,,2,,False,False,BC,False,Backcountry,False,False,,,False,
1988,1988,3,6,1988-03-06,MT RAINIER,BC,WA,0.0,0.0,Backcountry Tourer,Ski,1,,False,False,BC,False,Backcountry,False,False,,,False,
1988,1988,1,10,1988-01-10,ASHCROFT / PEARL PASS,BC,CO,0.0,0.0,Backcountry Tourer,Ski,3,,False,False,BC,False,Backcountry,False,False,,,False,
1988,1987,12,29,1987-12-29,BERTHOUD PASS 2ND CREEK,BC,CO,0.0,0.0,Backcountry Tourer,Ski,2,,False,False,BC,False,Backcountry,False,False,,,False,
1987,1987,6,17,1987-06-17,EXIT GLACIER,BC,AK,0.0,0.0,Hiker,,1,,False,False,BC,False,Backcountry,False,False,,,False,
1987,1987,6,13,1987-06-13,MT BORAH,BC,ID,0.0,0.0,Climber,,1,,False,False,BC,False,Backcountry,False,False,,,False,
1987,1987,5,22,1987-05-22,MT HUNTER,BC,AK,0.0,0.0,Climber,,1,,False,False,BC,False,Backcountry,False,False,,,False,
1987,1987,5,6,1987-05-06,DENALI / MT FORAKER,BC,AK,0.0,0.0,Climber,,4,,False,False,BC,False,Backcountry,False,False,,,False,
1987,1987,3,15,1987-03-15,SHRINE PASS,BC,CO,0.0,0.0,Snowmobiler,,2,,False,False,BC,False,Backcountry,False,False,,,False,
1987,1987,3,3,1987-03-03,WOLF CREEK PASS / TREASURE MTN,BC,CO,0.0,0.0,Mechanized Guided Client,,1,,False,False,BC,False,Backcountry,False,False,,,False,
1987,1987,2,18,1987-02-18,BRECKENRIDGE,BC,CO,0.0,0.0,Sidecountry Rider,Ski,4,,False,False,BC,False,Backcountry,False,False,,,False,
1987,1987,2,15,1987-02-15,BRIGHTON,BC,UT,0.0,0.0,Backcountry Tourer,Ski,1,,False,False,BC,False,Backcountry,False,False,,,False,
1987,1987,2,14,1987-02-14,TELLURIDE,BC,CO,0.0,0.0,Sidecountry Rider,Ski,1,,False,False,BC,False,Backcountry,False,False,,,False,
1987,1987,2,2,1987-02-02,TELLURIDE,BC,CO,0.0,0.0,Sidecountry Rider,Ski,2,,False,False,BC,False,Backcountry,False,False,,,False,
1987,1987,1,31,1987-01-31,MT ELLIS,BC,MT,0.0,0.0,Backcountry Tourer,Ski,1,,False,False,BC,False,Backcountry,False,False,,,False,
1987,1987,1,8,1987-01-08,TELLURIDE,BC,CO,0.0,0.0,Sidecountry Rider,Ski,1,,False,False,BC,False,Backcountry,False,False,,,False,
1987,1986,11,20,1986-11-20,ALTA,SA,UT,0.0,0.0,Hiker,,1,,False,False,SA,False,Ski Area,False,False,,,False,
1986,1986,8,3,1986-08-03,MT BAKER,BC,WA,0.0,0.0,Climber,,2,,False,False,BC,False,Backcountry,False,False,,,False,
1986,1986,2,26,1986-02-26,VAIL (ob),SA,CO,0.0,0.0,Sidecountry Rider,Ski,1,,False,False,SA,False,Ski Area,False,False,,,False,
1986,1986,2,19,1986-02-19,ALTA,SA,UT,0.0,0.0,Inbounds Rider,Ski,1,,False,False,SA,False,Ski Area,False,False,,,False,
1986,1986,2,17,1986-02-17,BRIGHTON,BC,UT,0.0,0.0,Backcountry Tourer,Snowboard,1,"2 backcountry snowboarders caught, 1 partially buried and injured, 1 buried and killed",False,True,BC,False,Backcountry,True,False,standard_burial,2,True,
1986,1986,2,17,1986-02-17,JACKSON HOLE,SA,WY,0.0,0.0,Ski Patroller,,1,,False,False,SA,False,Ski Area,False,False,,,False,
1986,1986,2,15,1986-02-15,TWIN LAKES,TN,CA,0.0,0.0,Resident,Foot,1,,False,False,TN,False,Town/Urban,False,False,,,False,
1986,1986,2,7,1986-02-07,MT ELLIS,BC,MT,0.0,0.0,Backcountry Tourer,Ski,2,,False,False,BC,False,Backcountry,False,False,,,False,
1986,1986,1,6,1986-01-06,PROVO CANYON,BC,UT,0.0,0.0,Backcountry Tourer,Ski,1,,False,False,BC,False,Backcountry,False,False,,,False,
1986,1985,12,2,1985-12-02,JACKSON HOLE,SA,WY,0.0,0.0,Ski Patroller,,1,,False,False,SA,False,Ski Area,False,False,,,False,
1986,1985,11,29,1985-11-29,SUGAR BOWL,SA,CA,0.0,0.0,Inbounds Rider,Ski,1,,False,False,SA,False,Ski Area,False,False,,,False,
1986,1985,11,21,1985-11-21,FRENCH GULCH,BC,CO,0.0,0.0,Backcountry Tourer,Ski,2,,False,False,BC,False,Backcountry,False,False,,,False,
1986,1985,11,17,1985-11-17,LA PLATA MTNS,BC,CO,0.0,0.0,Miner,,1,,False,False,BC,False,Backcountry,False,False,,,False,
1986,1985,11,13,1985-11-13,CATHERINES PASS,BC,UT,0.0,0.0,Backcountry Tourer,Ski,2,,False,False,BC,False,Backcountry,False,False,,,False,
1985,1985,5,12,1985-05-12,WHITEHORSE MTN,BC,WA,0.0,0.0,Climber,,1,,False,False,BC,False,Backcountry,False,False,,,False,
1985,1985,3,24,1985-03-24,BERTHOUD PASS,BC,CO,0.0,0.0,Backcountry Tourer,Ski,1,,False,False,BC,False,Backcountry,False,False,,,False,
1985,1985,3,19,1985-03-19,PARK CITY,SA,UT,0.0,0.0,Sidecountry Rider,Ski,1,,False,False,SA,False,Ski Area,False,False,,,False,
1985,1985,3,10,1985-03-10,EAGLE RIVER,BC,AK,0.0,0.0,Backcountry Tourer,Ski,1,,False,False,BC,False,Backcountry,False,False,,,False,
1985,1985,3,2,1985-03-02,HATCHER PASS,BC,AK,0.0,0.0,Snowmobiler,,1,,False,False,BC,False,Backcountry,False,False,,,False,
1985,1985,2,22,1985-02-22,POWDER MTN,SA,UT,0.0,0.0,Sidecountry Rider,Ski,1,,False,False,SA,False,Ski Area,False,False,,,False,
1985,1985,2,12,1985-02-12,ROBERTS,TN,MT,0.0,0.0,Snowplayer,,1,,False,False,TN,False,Town/Urban,False,False,,,False,
1985,1985,2,9,1985-02-09,LOLO PASS,BC,ID,0.0,0.0,Backcountry Tourer,Ski,1,,False,False,BC,False,Backcountry,False,False,,,False,
1985,1985,2,9,1985-02-09,MT SI,BC,WA,0.0,0.0,Climber,,1,,False,False,BC,False,Backcountry,False,False,,,False,
1985,1985,2,9,1985-02-09,SNOWY RANGE,BC,WY,0.0,0.0,Snowmobiler,,1,,False,False,BC,False,Backcountry,False,False,,,False,
1985,1985,2,3,1985-02-03,GRAND TETON,BC,WY,0.0,0.0,Climber,,1,,False,False,BC,False,Backcountry,False,False,,,False,
1985,1984,12,31,1984-12-31,ASHCROFT,BC,CO,0.0,0.0,Backcountry Tourer,Ski,1,,False,False,BC,False,Backcountry,False,False,,,False,
1985,1984,12,13,1984-12-13,ASPEN,BC,CO,0.0,0.0,Backcountry Tourer,Ski,1,,False,False,BC,False,Backcountry,False,False,,,False,
1985,1984,10,17,1984-10-17,KELSO MTN,BC,CO,0.0,0.0,Backcountry Tourer,Ski,1,,False,False,BC,False,Backcountry,False,False,,,False,
1984,1984,6,18,1984-06-18,ELK MTNS,BC,CO,0.0,0.0,Backcountry Tourer,Ski,1,,False,False,BC,False,Backcountry,False,False,,,False,
1984,1984,5,27,1984-05-27,SOURCE LAKE,BC,WA,0.0,0.0,Climber,,1,,False,False,BC,False,Backcountry,False,False,,,False,
1984,1984,4,14,1984-04-14,MARBLE / CHAIR MTN,BC,CO,0.0,0.0,Climber,,1,,False,False,BC,False,Backcountry,False,False,,,False,
1984,1984,4,2,1984-04-02,"EAGLE PK, CHUG",BC,AK,0.0,0.0,Climber,,1,,False,False,BC,False,Backcountry,False,False,,,False,
1984,1984,3,31,1984-03-31,ASPEN HIGHLANDS,BC,CO,0.0,0.0,Ski Patroller,Ski,3,,False,False,BC,False,Backcountry,False,False,,,False,
1984,1984,3,19,1984-03-19,DALLAS DIVIDE,BC,CO,0.0,0.0,Backcountry Tourer,Ski,1,,False,False,BC,False,Backcountry,False,False,,,False,
1984,1984,3,17,1984-03-17,VAIL PASS,BC,CO,0.0,0.0,Backcountry Tourer,Ski,1,,False,False,BC,False,Backcountry,False,False,,,False,
1984,1984,2,16,1984-02-16,SNOW KING,SA,WY,0.0,0.0,Sidecountry Rider,Ski,1,,False,False,SA,False,Ski Area,False,False,,,False,
1984,1984,2,8,1984-02-08,MT KATAHDIN,BC,ME,0.0,0.0,Climber,,2,,False,False,BC,False,Backcountry,False,False,,,False,
1984,1984,1,26,1984-01-26,Town of Steamboat,TN,CO,0.0,0.0,Resident,Foot,1,,False,False,TN,False,Town/Urban,False,False,,,False,
1984,1984,1,2,1984-01-02,ALTA,BC,UT,0.0,0.0,Backcountry Tourer,Ski,1,,False,False,BC,False,Backcountry,False,False,,,False,
1984,1983,12,18,1983-12-18,COPPER MOUNTAIN,SA,CO,0.0,0.0,Ski Patroller,,1,,False,False,SA,False,Ski Area,False,False,,,False,
1983,1983,6,26,1983-06-26,MT SHUKSAN,BC,WA,0.0,0.0,Climber,,2,,False,False,BC,False,Backcountry,False,False,,,False,
1983,1983,4,16,1983-04-16,GRANITE MT,BC,WA,0.0,0.0,Hiker,,1,,False,False,BC,False,Backcountry,False,False,,,False,
1983,1983,4,2,1983-04-02,MT SHASTA,BC,CA,0.0,0.0,Climber,,1,,False,False,BC,False,Backcountry,False,False,,,False,
1983,1983,3,12,1983-03-12,GRAND LAKE,BC,CO,0.0,0.0,Snowmobiler,,1,,False,False,BC,False,Backcountry,False,False,,,False,
1983,1983,3,9,1983-03-09,CRESTED BUTTE,SA,CO,0.0,0.0,Sidecountry Rider,Ski,1,,False,False,SA,False,Ski Area,False,False,,,False,
1983,1983,3,6,1983-03-06,DEER CREEK,BC,CO,0.0,0.0,Backcountry Tourer,Ski,1,,False,False,BC,False,Backcountry,False,False,,,False,
1983,1983,2,19,1983-02-19,BOZEMAN CREEK,BC,MT,0.0,0.0,Backcountry Tourer,Ski,1,,False,False,BC,False,Backcountry,False,False,,,False,
1983,1983,1,30,1983-01-30,WOLF CREEK PASS,SA,CO,0.0,0.0,Backcountry Tourer,Ski,1,,False,False,SA,False,Ski Area,False,False,,,False,
1983,1983,1,1,1983-01-01,STANLEY,BC,ID,0.0,0.0,Snowmobiler,,1,,False,False,BC,False,Backcountry,False,False,,,False,
1983,1982,12,25,1982-12-25,MONTEZUMA,BC,CO,0.0,0.0,Backcountry Tourer,Ski,1,,False,False,BC,False,Backcountry,False,False,,,False,
1983,1982,12,24,1982-12-24,BIG SKY,SA,MT,0.0,0.0,Ski Patroller,,1,,False,False,SA,False,Ski Area,False,False,,,False,
1983,1982,12,19,1982-12-19,PHILIPSBURG,BC,MT,0.0,0.0,Snowmobiler,,1,,False,False,BC,False,Backcountry,False,False,,,False,
1983,1982,11,14,1982-11-14,MONTPELIER,BC,ID,0.0,0.0,Hunter,,1,,False,False,BC,False,Backcountry,False,False,,,False,
1982,1982,6,20,1982-06-20,MT HOOD,BC,OR,0.0,0.0,Climber,,1,,False,False,BC,False,Backcountry,False,False,,,False,
1982,1982,4,3,1982-04-03,DENALI / MT MCKINLEY,BC,AK,0.0,0.0,Backcountry Tourer,Ski,1,,False,False,BC,False,Backcountry,False,False,,,False,
1982,1982,3,31,1982-03-31,ALPINE MDWS,SA,CA,0.0,0.0,Others at Work,Foot,4,,False,False,SA,False,Ski Area,False,False,,,False,
1982,1982,3,31,1982-03-31,ALPINE MDWS,SA,CA,0.0,0.0,Ski Patroller,Ski,3,,False,False,SA,False,Ski Area,False,False,,,False,
1982,1982,3,22,1982-03-22,PARK WEST,SA,UT,0.0,0.0,Sidecountry Rider,Ski,1,,False,False,SA,False,Ski Area,False,False,,,False,
1982,1982,3,13,1982-03-13,ARAPAHOE BASIN,SA,CO,0.0,0.0,Sidecountry Rider,Ski,1,,False,False,SA,False,Ski Area,False,False,,,False,
1982,1982,2,14,1982-02-14,ANEROID LAKE,BC,OR,0.0,0.0,Backcountry Tourer,Ski,1,,False,False,BC,False,Backcountry,False,False,,,False,
1982,1982,1,25,1982-01-25,MT WASHINGTON,BC,NH,0.0,0.0,Rescuer,,1,,False,False,BC,False,Backcountry,False,False,,,False,
1982,1982,1,23,1982-01-23,CUMBRES PASS,BC,CO,0.0,0.0,Backcountry Tourer,Ski,1,,False,False,BC,False,Backcountry,False,False,,,False,
1982,1982,1,6,1982-01-06,ARAPAHOE BASIN,SA,CO,0.0,0.0,Sidecountry Rider,Ski,1,,False,False,SA,False,Ski Area,False,False,,,False,
1982,1982,1,5,1982-01-05,D. L. BLISS,BC,CA,0.0,0.0,Misc Recreation,,1,,False,False,BC,False,Backcountry,False,False,,,False,
1982,1981,12,20,1981-12-20,LEADVILLE,BC,CO,0.0,0.0,Hiker,,1,,False,False,BC,False,Backcountry,False,False,,,False,
1982,1981,11,21,1981-11-21,CHUGACH,BC,AK,0.0,0.0,Climber,,1,,False,False,BC,False,Backcountry,False,False,,,False,
1981,1981,6,21,1981-06-21,MT RAINIER,BC,WA,0.0,0.0,Climber,Foot,11,,False,False,BC,False,Backcountry,False,False,,,False,
1981,1981,4,12,1981-04-12,SOURCE LAKE,BC,WA,0.0,0.0,Backcountry Tourer,Ski,1,,False,False,BC,False,Backcountry,False,False,,,False,
1981,1981,4,12,1981-04-12,RED LODGE,BC,MT,0.0,0.0,Snowmobiler,,1,,False,False,BC,False,Backcountry,False,False,,,False,
1981,1981,3,31,1981-03-31,SNOWMASS,SA,CO,0.0,0.0,Ski Patroller,,1,,False,False,SA,False,Ski Area,False,False,,,False,
1981,1981,3,3,1981-03-03,WOLF CREEK PASS,BC,CO,0.0,0.0,Backcountry Tourer,Ski,1,,False,False,BC,False,Backcountry,False,False,,,False,
1981,1981,3,1,1981-03-01,MILLCREEK CN,BC,UT,0.0,0.0,Backcountry Tourer,Ski,1,,False,False,BC,False,Backcountry,False,False,,,False,
1981,1981,3,1,1981-03-01,MT BALDY,SA,CA,0.0,0.0,Sidecountry Rider,Ski,1,,False,False,SA,False,Ski Area,False,False,,,False,
1981,1981,2,15,1981-02-15,SCHWEITZER,SA,ID,0.0,0.0,Inbounds Rider,Ski,1,,False,False,SA,False,Ski Area,False,False,,,False,
1981,1981,2,15,1981-02-15,LAMOILLE,BC,NV,0.0,0.0,Snowmobiler,,1,,False,False,BC,False,Backcountry,False,False,,,False,
1981,1981,2,1,1981-02-01,BIG COTTONWOOD,BC,UT,0.0,0.0,Backcountry Tourer,Ski,1,,False,False,BC,False,Backcountry,False,False,,,False,
1981,1980,11,27,1980-11-27,ST MARYS GLACIER,BC,CO,0.0,0.0,Backcountry Tourer,Ski,2,,False,False,BC,False,Backcountry,False,False,,,False,
1981,1980,11,15,1980-11-15,TAOS,SA,NM,0.0,0.0,Backcountry Tourer,Ski,1,,False,False,SA,False,Ski Area,False,False,,,False,
1980,1980,3,15,1980-03-15,CRYSTAL MTN,SA,WA,0.0,0.0,Sidecountry Rider,Ski,1,,False,False,SA,False,Ski Area,False,False,,,False,
1980,1980,1,18,1980-01-18,BIG MOUNTAIN,SA,MT,0.0,0.0,Sidecountry Rider,Ski,1,,False,False,SA,False,Ski Area,False,False,,,False,
1980,1980,1,11,1980-01-11,B COTTONWOOD,BC,UT,0.0,0.0,Backcountry Tourer,Ski,1,,False,False,BC,False,Backcountry,False,False,,,False,
1980,1979,12,24,1979-12-24,TAOS,BC,NM,0.0,0.0,Backcountry Tourer,Ski,1,,False,False,BC,False,Backcountry,False,False,,,False,
1980,1979,11,22,1979-11-22,TELLURIDE,BC,CO,0.0,0.0,Backcountry Tourer,Ski,1,,False,False,BC,False,Backcountry,False,False,,,False,
1980,1979,11,4,1979-11-04,MAMMOTH MT,SA,CA,0.0,0.0,Backcountry Tourer,Ski,1,,False,False,SA,False,Ski Area,False,False,,,False,
1979,1979,5,9,1979-05-09,MT HUNTER,BC,AK,0.0,0.0,Climber,,1,,False,False,BC,False,Backcountry,False,False,,,False,
1979,1979,4,26,1979-04-26,GRAND TETON,BC,WY,0.0,0.0,Climber,,2,,False,False,BC,False,Backcountry,False,False,,,False,
1979,1979,4,2,1979-04-02,DESOLATION LK,BC,UT,0.0,0.0,Backcountry Tourer,Ski,1,,False,False,BC,False,Backcountry,False,False,,,False,
1979,1979,3,4,1979-03-04,MT RAINIER,BC,WA,0.0,0.0,Climber,,2,,False,False,BC,False,Backcountry,False,False,,,False,
1979,1979,2,10,1979-02-10,LOVELAND BASIN,SA,CO,0.0,0.0,Sidecountry Rider,Ski,1,,False,False,SA,False,Ski Area,False,False,,,False,
1979,1979,1,20,1979-01-20,STEVENS PASS,BC,WA,0.0,0.0,Hiker,Snowshoe,1,,False,False,BC,False,Backcountry,False,False,,,False,
1979,1979,1,19,1979-01-19,HELPER,MN,UT,0.0,0.0,Miner,,1,,False,False,MN,False,Mine,False,False,,,False,
1979,1979,1,6,1979-01-06,GUANELLA PASS,BC,CO,0.0,0.0,Backcountry Tourer,Ski,1,,False,False,BC,False,Backcountry,False,False,,,False,
1978,1978,8,27,1978-08-27,MT BAKER,BC,WA,0.0,0.0,Climber,,1,,False,False,BC,False,Backcountry,False,False,,,False,
1978,1978,5,31,1978-05-31,MT RAINIER,BC,WA,0.0,0.0,Climber,,1,,False,False,BC,False,Backcountry,False,False,,,False,
1978,1978,5,30,1978-05-30,MT FORAKER,BC,AK,0.0,0.0,Climber,,2,,False,False,BC,False,Backcountry,False,False,,,False,
1978,1978,4,16,1978-04-16,MT SOPRIS,BC,CO,0.0,0.0,Snowmobiler,,1,,False,False,BC,False,Backcountry,False,False,,,False,
1978,1978,2,10,1978-02-10,RED MOUNTAIN PASS,RD,CO,0.0,0.0,Highway Personnel,,1,,False,False,RD,False,Road,False,False,,,False,
1978,1978,2,10,1978-02-10,TWIN LAKES,RD,CA,0.0,0.0,Hiker,Snowshoe,1,,False,False,RD,False,Road,False,False,,,False,
1978,1978,2,10,1978-02-10,TWIN LAKES,RD,CA,0.0,0.0,Motorist,,2,,False,False,RD,False,Road,False,False,,,False,
1978,1978,2,9,1978-02-09,LOST CANYON,RD,CA,0.0,0.0,Highway Personnel,,1,,False,False,RD,False,Road,False,False,,,False,
1978,1978,1,21,1978-01-21,TURNAGAIN PASS,BC,AK,0.0,0.0,Backcountry Tourer,Ski,4,,False,False,BC,False,Backcountry,False,False,,,False,
1978,1978,1,6,1978-01-06,SHEEP MT,BC,CO,0.0,0.0,Backcountry Tourer,Ski,2,,False,False,BC,False,Backcountry,False,False,,,False,
1978,1977,12,31,1977-12-31,MT RAINIER,BC,WA,0.0,0.0,Climber,,1,,False,False,BC,False,Backcountry,False,False,,,False,
1978,1977,11,2,1977-11-02,EL DIENTE PK,BC,CO,0.0,0.0,Climber,,1,,False,False,BC,False,Backcountry,False,False,,,False,
1977,1977,5,22,1977-05-22,S ARAPAHOE PK,BC,CO,0.0,0.0,Climber,,1,,False,False,BC,False,Backcountry,False,False,,,False,
1977,1977,3,26,1977-03-26,SHEEP CREEK,BC,WY,0.0,0.0,Backcountry Tourer,Ski,1,,False,False,BC,False,Backcountry,False,False,,,False,
1977,1977,3,3,1977-03-03,SNOWBIRD,SA,UT,0.0,0.0,Inbounds Rider,Ski,1,,False,False,SA,False,Ski Area,False,False,,,False,
1977,1977,2,6,1977-02-06,VALDEZ,RD,AK,0.0,0.0,Others at Work,,1,,False,False,RD,False,Road,False,False,,,False,
1977,1977,1,20,1977-01-20,MT BALDY,BC,CA,0.0,0.0,Snowplayer,,1,,False,False,BC,False,Backcountry,False,False,,,False,
1977,1976,12,12,1976-12-12,SHEEP MT,BC,AK,0.0,0.0,Hiker,Snowshoe,1,,False,False,BC,False,Backcountry,False,False,,,False,
1976,1976,8,6,1976-08-06,MT FORAKER,BC,AK,0.0,0.0,Climber,,3,,False,False,BC,False,Backcountry,False,False,,,False,
1976,1976,7,4,1976-07-04,ROCKY MOUNTAIN NAT PARK,BC,CO,0.0,0.0,Climber,,1,,False,False,BC,False,Backcountry,False,False,,,False,
1976,1976,5,15,1976-05-15,BIG FOUR MT,BC,WA,0.0,0.0,Climber,,1,,False,False,BC,False,Backcountry,False,False,,,False,
1976,1976,3,29,1976-03-29,MT NAST,BC,CO,0.0,0.0,Others at Work,,1,,False,False,BC,False,Backcountry,False,False,,,False,
1976,1976,3,27,1976-03-27,SILVER PEAK,BC,WA,0.0,0.0,Hiker,Snowshoe,1,,False,False,BC,False,Backcountry,False,False,,,False,
1976,1976,3,20,1976-03-20,GRAND TARGHEE,BC,WY,0.0,0.0,Backcountry Tourer,Ski,1,,False,False,BC,False,Backcountry,False,False,,,False,
1976,1976,3,2,1976-03-02,ALPINE MEADOWS,SA,CA,0.0,0.0,Inbounds Rider,Ski,3,,False,False,SA,False,Ski Area,False,False,,,False,
1976,1976,2,21,1976-02-21,BRIDGEPORT,BC,CA,0.0,0.0,Climber,,1,,False,False,BC,False,Backcountry,False,False,,,False,
1976,1976,2,19,1976-02-19,MT MARATHON,BC,AK,0.0,0.0,Climber,,1,,False,False,BC,False,Backcountry,False,False,,,False,
1976,1976,1,17,1976-01-17,BERTHOUD PASS,BC,CO,0.0,0.0,Backcountry Tourer,Ski,1,,False,False,BC,False,Backcountry,False,False,,,False,
1976,1976,1,12,1976-01-12,JACKSON PEAK,BC,WY,0.0,0.0,Backcountry Tourer,Ski,2,,False,False,BC,False,Backcountry,False,False,,,False,
1976,1976,1,10,1976-01-10,POCATELLO,BC,ID,0.0,0.0,Climber,,2,,False,False,BC,False,Backcountry,False,False,,,False,
1976,1976,1,6,1976-01-06,ALTA,SA,UT,0.0,0.0,Sidecountry Rider,Ski,1,,False,False,SA,False,Ski Area,False,False,,,False,
1976,1975,11,30,1975-11-30,MT RAINIER,BC,WA,0.0,0.0,Hiker,Snowshoe,1,,False,False,BC,False,Backcountry,False,False,,,False,
1976,1975,11,15,1975-11-15,JUNEAU,BC,AK,0.0,0.0,Backcountry Tourer,Ski,1,,False,False,BC,False,Backcountry,False,False,,,False,
1975,1975,5,10,1975-05-10,PORTAGE,BC,AK,0.0,0.0,Hunter,,1,,False,False,BC,False,Backcountry,False,False,,,False,
1975,1975,4,26,1975-04-26,MT ST HELENS,BC,WA,0.0,0.0,Climber,,5,,False,False,BC,False,Backcountry,False,False,,,False,
1975,1975,4,26,1975-04-26,MT HOOD,BC,OR,0.0,0.0,Climber,,1,,False,False,BC,False,Backcountry,False,False,,,False,
1975,1975,3,23,1975-03-23,HECLA,BC,MT,0.0,0.0,Snowmobiler,,1,,False,False,BC,False,Backcountry,False,False,,,False,
1975,1975,3,21,1975-03-21,MCGINNIS GL,BC,AK,0.0,0.0,Climber,,1,,False,False,BC,False,Backcountry,False,False,,,False,
1975,1975,2,8,1975-02-08,CENTENNIAL,BC,WY,0.0,0.0,Snowplayer,,1,,False,False,BC,False,Backcountry,False,False,,,False,
1975,1975,2,5,1975-02-05,SUN VALLEY,SA,ID,0.0,0.0,Sidecountry Rider,Ski,1,,False,False,SA,False,Ski Area,False,False,,,False,
1975,1975,1,19,1975-01-19,OWEN CREEK,BC,WY,0.0,0.0,Backcountry Tourer,Ski,1,,False,False,BC,False,Backcountry,False,False,,,False,
1975,1975,1,16,1975-01-16,CHUGACH,BC,AK,0.0,0.0,Climber,,1,,False,False,BC,False,Backcountry,False,False,,,False,
1975,1975,1,15,1975-01-15,CASTLE CREEK,BC,CO,0.0,0.0,Backcountry Tourer,Ski,1,,False,False,BC,False,Backcountry,False,False,,,False,
1975,1975,1,14,1975-01-14,GARFIELD,BC,CO,0.0,0.0,Backcountry Tourer,Ski,2,,False,False,BC,False,Backcountry,False,False,,,False,
1975,1975,1,9,1975-01-09,CRESTED BUTTE,SA,CO,0.0,0.0,Inbounds Rider,Ski,1,,False,False,SA,False,Ski Area,False,False,,,False,
1975,1974,12,28,1974-12-28,ASPEN MTN,SA,CO,0.0,0.0,Sidecountry Rider,Ski,1,,False,False,SA,False,Ski Area,False,False,,,False,
1975,1974,12,21,1974-12-21,GUANELLA PASS,BC,CO,0.0,0.0,Backcountry Tourer,Ski,1,,False,False,BC,False,Backcountry,False,False,,,False,
1975,1974,12,15,1974-12-15,MONARCH PASS,BC,CO,0.0,0.0,Backcountry Tourer,Ski,1,,False,False,BC,False,Backcountry,False,False,,,False,
1975,1974,11,23,1974-11-23,ARAPAHOE BASIN,SA,CO,0.0,0.0,Ski Patroller,,1,,False,False,SA,False,Ski Area,False,False,,,False,
1975,1974,11,18,1974-11-18,MT RAINIER,BC,WA,0.0,0.0,Climber,,1,,False,False,BC,False,Backcountry,False,False,,,False,
1974,1974,3,2,1974-03-02,HEAVENLY VAL,SA,CA,0.0,0.0,Inbounds Rider,Ski,1,,False,False,SA,False,Ski Area,False,False,,,False,
1974,1974,2,7,1974-02-07,JUNEAU,RD,AK,0.0,0.0,Highway Personnel,,1,,False,False,RD,False,Road,False,False,,,False,
1974,1974,1,27,1974-01-27,SOURCE LAKE,BC,WA,0.0,0.0,Hiker,Snowshoe,2,,False,False,BC,False,Backcountry,False,False,,,False,
1974,1974,1,16,1974-01-16,GRAND TETON,BC,WY,0.0,0.0,Backcountry Tourer,Ski,3,,False,False,BC,False,Backcountry,False,False,,,False,
1974,1974,1,1,1974-01-01,TANAINA PEAK,BC,AK,0.0,0.0,Climber,,1,,False,False,BC,False,Backcountry,False,False,,,False,
1974,1973,12,30,1973-12-30,FLATTOP MT,BC,AK,0.0,0.0,Climber,,1,,False,False,BC,False,Backcountry,False,False,,,False,
1974,1973,12,29,1973-12-29,PARKCITYWEST,SA,UT,0.0,0.0,Inbounds Rider,Ski,1,,False,False,SA,False,Ski Area,False,False,,,False,
1974,1973,11,19,1973-11-19,MT SHASTA,BC,CA,0.0,0.0,Climber,,1,,False,False,BC,False,Backcountry,False,False,,,False,
1974,1973,10,13,1973-10-13,ROCKY MOUNTAIN NAT PARK,BC,CO,0.0,0.0,Climber,,2,,False,False,BC,False,Backcountry,False,False,,,False,
1973,1973,3,24,1973-03-24,TAOS SKIVALLEY,SA,NM,0.0,0.0,Sidecountry Rider,Ski,1,,False,False,SA,False,Ski Area,False,False,,,False,
1973,1973,1,22,1973-01-22,SUN VALLEY,SA,ID,0.0,0.0,Mechanized Guided Client,,1,,False,False,SA,False,Ski Area,False,False,,,False,
1973,1972,12,13,1972-12-13,STEAMBOAT,SA,CO,0.0,0.0,Inbounds Rider,Ski,1,,False,False,SA,False,Ski Area,False,False,,,False,
1973,1972,12,8,1972-12-08,ASPEN MTN,SA,CO,0.0,0.0,Sidecountry Rider,Ski,1,,False,False,SA,False,Ski Area,False,False,,,False,
1972,1972,9,26,1972-09-26,YOSEMITE,BC,CA,0.0,0.0,Hiker,,1,,False,False,BC,False,Backcountry,False,False,,,False,
1972,1972,8,20,1972-08-20,MITCHELL LAKE,BC,CO,0.0,0.0,Hiker,,1,,False,False,BC,False,Backcountry,False,False,,,False,
1972,1972,5,10,1972-05-10,MT GARFIELD,BC,WA,0.0,0.0,Climber,,2,,False,False,BC,False,Backcountry,False,False,,,False,
1972,1972,1,29,1972-01-29,MT ROSE,SA,NV,0.0,0.0,Sidecountry Rider,Ski,2,,False,False,SA,False,Ski Area,False,False,,,False,
1972,1971,10,17,1971-10-17,POLE CREEK,BC,CO,0.0,0.0,Hunter,,1,,False,False,BC,False,Backcountry,False,False,,,False,
1971,1971,4,12,1971-04-12,EKLUTNA GLAC,BC,AK,0.0,0.0,Climber,,2,,False,False,BC,False,Backcountry,False,False,,,False,
1971,1971,3,16,1971-03-16,ASPEN MTN (McFarlane Gulch),BC,CO,0.0,0.0,Mechanized Guide,Ski,1,,False,False,BC,False,Backcountry,False,False,,,False,
1971,1971,1,24,1971-01-24,STEVENS PASS,TN,WA,0.0,0.0,Resident,Foot,4,,False,False,TN,False,Town/Urban,False,False,,,False,
1971,1971,1,20,1971-01-20,WILLOW CREEK,BC,ID,0.0,0.0,Snowmobiler,,1,,False,False,BC,False,Backcountry,False,False,,,False,
1971,1971,1,15,1971-01-15,SNOQUALMIE PS,RD,WA,0.0,0.0,Motorist,,1,,False,False,RD,False,Road,False,False,,,False,
1971,1971,1,10,1971-01-10,JUNEAU,BC,AK,0.0,0.0,Climber,,1,,False,False,BC,False,Backcountry,False,False,,,False,
1971,1970,12,28,1970-12-28,MT BAKER,SA,WA,0.0,0.0,Inbounds Rider,Ski,1,,False,False,SA,False,Ski Area,False,False,,,False,
1971,1970,12,28,1970-12-28,ALUM CREEK,BC,NV,0.0,0.0,Snowmobiler,,1,,False,False,BC,False,Backcountry,False,False,,,False,
1970,1970,3,2,1970-03-02,RED MOUNTAIN PASS,RD,CO,0.0,0.0,Highway Personnel,,1,,False,False,RD,False,Road,False,False,,,False,
1970,1970,1,29,1970-01-29,ALTA,SA,UT,0.0,0.0,Inbounds Rider,Ski,1,,False,False,SA,False,Ski Area,False,False,,,False,
1970,1969,12,29,1969-12-29,GLACIER,BC,MT,0.0,0.0,Climber,,5,,False,False,BC,False,Backcountry,False,False,,,False,
1969,1969,3,16,1969-03-16,BLACKFOOT R,RD,MT,0.0,0.0,Motorist,,1,,False,False,RD,False,Road,False,False,,,False,
1969,1969,3,9,1969-03-09,MT RAINIER,BC,WA,0.0,0.0,Backcountry Tourer,Ski,1,,False,False,BC,False,Backcountry,False,False,,,False,
1969,1969,2,25,1969-02-25,KYLE CANYON,TN,NV,0.0,0.0,Resident,Foot,2,,False,False,TN,False,Town/Urban,False,False,,,False,
1969,1969,2,24,1969-02-24,MINERAL KING,RS,CA,0.0,0.0,Resident,Foot,1,,False,False,RS,False,Railroad,False,False,,,False,
1969,1968,12,27,1968-12-27,SLIDE MT,SA,NV,0.0,0.0,Backcountry Tourer,Ski,1,,False,False,SA,False,Ski Area,False,False,,,False,
1968,1968,3,17,1968-03-17,MAMMOTH MT,SA,CA,0.0,0.0,Inbounds Rider,Ski,1,,False,False,SA,False,Ski Area,False,False,,,False,
1968,1968,2,24,1968-02-24,LEADVILLE,BC,CO,0.0,0.0,Snowmobiler,,1,,False,False,BC,False,Backcountry,False,False,,,False,
1968,1968,2,19,1968-02-19,ROCK CANYON,BC,UT,0.0,0.0,Hiker,,1,,False,False,BC,False,Backcountry,False,False,,,False,
1968,1967,11,26,1967-11-26,ARAPAHOE BASIN,SA,CO,0.0,0.0,Ski Patroller,,1,,False,False,SA,False,Ski Area,False,False,,,False,
1967,1967,2,18,1967-02-18,SKYLINE,SA,ID,0.0,0.0,Ski Patroller,,2,,False,False,SA,False,Ski Area,False,False,,,False,
1967,1967,2,12,1967-02-12,PARLEY'S CN,BC,UT,0.0,0.0,Climber,,2,,False,False,BC,False,Backcountry,False,False,,,False,
1967,1967,1,7,1967-01-07,LOVELAND PASS,BC,CO,0.0,0.0,Climber,,2,,False,False,BC,False,Backcountry,False,False,,,False,
1966,1966,2,5,1966-02-05,MT BAKER,BC,WA,0.0,0.0,Backcountry Tourer,Ski,1,,False,False,BC,False,Backcountry,False,False,,,False,
1966,1965,12,31,1965-12-31,PARK CITY,SA,UT,0.0,0.0,Inbounds Rider,Ski,1,,False,False,SA,False,Ski Area,False,False,,,False,
1966,1965,12,20,1965-12-20,GENEVA BASIN,SA,CO,0.0,0.0,Inbounds Rider,Ski,1,,False,False,SA,False,Ski Area,False,False,,,False,
1965,1965,4,1,1965-04-01,MORROW POINTDAM,MN,CO,0.0,0.0,Others at Work,,1,,False,False,MN,False,Mine,False,False,,,False,
1965,1965,1,31,1965-01-31,HOMESTAKE LAKE,MN,CO,0.0,0.0,Others at Work,,1,,False,False,MN,False,Mine,False,False,,,False,
1965,1965,1,29,1965-01-29,SNOWBANK MOUNTAIN,RD,ID,0.0,0.0,Others at Work,Vehicle,1,,False,False,RD,False,Road,False,False,,,False,
1965,1965,1,2,1965-01-02,SUGAR BOWL,BC,CA,0.0,0.0,Hiker,Snowshoe,1,,False,False,BC,False,Backcountry,False,False,,,False,
1964,1964,4,4,1964-04-04,MT WASHINGTON,BC,NH,0.0,0.0,Climber,,2,,False,False,BC,False,Backcountry,False,False,,,False,
1964,1964,3,29,1964-03-29,SNOW BASIN,SA,UT,0.0,0.0,Ranger,,1,,False,False,SA,False,Ski Area,False,False,,,False,
1964,1964,3,14,1964-03-14,SQUAW VALLEY,SA,CA,0.0,0.0,Sidecountry Rider,Ski,1,,False,False,SA,False,Ski Area,False,False,,,False,
1964,1964,3,12,1964-03-12,SNOW KING MT,SA,WY,0.0,0.0,Ski Patroller,,1,,False,False,SA,False,Ski Area,False,False,,,False,
1964,1964,3,7,1964-03-07,POCATELLO,TN,ID,0.0,0.0,Snowplayer,,2,,False,False,TN,False,Town/Urban,False,False,,,False,
1963,1963,5,18,1963-05-18,LUNDIN PK,BC,WA,0.0,0.0,Climber,,1,,False,False,BC,False,Backcountry,False,False,,,False,
1963,1963,3,3,1963-03-03,RED MOUNTAIN PASS,RD,CO,0.0,0.0,Motorist,,3,,False,False,RD,False,Road,False,False,,,False,
1963,1962,12,31,1962-12-31,TABERG,TN,NY,0.0,0.0,Snowplayer,,2,,False,False,TN,False,Town/Urban,False,False,,,False,
1962,1962,5,20,1962-05-20,BIG FOUR MTN,BC,WA,0.0,0.0,Climber,,1,,False,False,BC,False,Backcountry,False,False,,,False,
1962,1962,3,25,1962-03-25,GRANITE MT,BC,WA,0.0,0.0,Climber,,2,,False,False,BC,False,Backcountry,False,False,,,False,
1962,1962,2,10,1962-02-10,SWIFT CREEK,BC,WY,0.0,0.0,Hiker,Snowshoe,1,,False,False,BC,False,Backcountry,False,False,,,False,
1962,1962,1,21,1962-01-21,TWIN LAKES,TN,CO,0.0,0.0,Resident,Foot,7,,False,False,TN,False,Town/Urban,False,False,,,False,
1962,1961,11,24,1961-11-24,ARAPAHOE BASIN,SA,CO,0.0,0.0,Inbounds Rider,Ski,1,,False,False,SA,False,Ski Area,False,False,,,False,
1961,1961,2,23,1961-02-23,ASPEN MTN,SA,CO,0.0,0.0,Sidecountry Rider,Ski,1,,False,False,SA,False,Ski Area,False,False,,,False,
1960,1960,3,19,1960-03-19,SAWATCH / LA PLATA PEAK,BC,CO,0.0,0.0,Climber,,1,,False,False,BC,False,Backcountry,False,False,,,False,
1960,1960,3,9,1960-03-09,SUPERIOR CREEK,RD,ID,0.0,0.0,Others at Work,,2,,False,False,RD,False,Road,False,False,,,False,
1960,1960,2,13,1960-02-13,BERTHOUD PASS (Floral Park),BC,CO,0.0,0.0,Backcountry Tourer,Ski,1,,False,False,BC,False,Backcountry,False,False,,,False,
1959,1959,6,20,1959-06-20,MT HOOD,BC,OR,0.0,0.0,Climber,,1,,False,False,BC,False,Backcountry,False,False,,,False,
1959,1959,2,3,1959-02-03,ASPEN MTN,SA,CO,0.0,0.0,Inbounds Rider,Ski,1,,False,False,SA,False,Ski Area,False,False,,,False,
1958,1958,3,9,1958-03-09,SNOW BASIN,SA,UT,0.0,0.0,Backcountry Tourer,Ski,1,,False,False,SA,False,Ski Area,False,False,,,False,
1958,1958,3,9,1958-03-09,SNOW BASIN,SA,UT,0.0,0.0,Rescuer,,1,,False,False,SA,False,Ski Area,False,False,,,False,
1958,1958,2,14,1958-02-14,CAMP BIRD HWY,RD,CO,0.0,0.0,Miner,,1,,False,False,RD,False,Road,False,False,,,False,
1958,1958,2,14,1958-02-14,CAMP BIRD HWY,RD,CO,0.0,0.0,Rescuer,,3,,False,False,RD,False,Road,False,False,,,False,
1957,1957,4,8,1957-04-08,DAM SLIDE,RD,CO,0.0,0.0,Highway Personnel,Foot,2,,False,False,RD,False,Road,False,False,,,False,
1957,1957,4,7,1957-04-07,GRANITE MTN. SNOQUAL,BC,WA,0.0,0.0,Hiker,,1,,False,False,BC,False,Backcountry,False,False,,,False,
1957,1957,2,24,1957-02-24,ST MARYS LAKE,BC,CO,0.0,0.0,Climber,,1,,False,False,BC,False,Backcountry,False,False,,,False,
1957,1957,2,5,1957-02-05,WARDNER,TN,ID,0.0,0.0,Resident,Foot,1,,False,False,TN,False,Town/Urban,False,False,,,False,
1956,1956,3,5,1956-03-05,LEEKS CANYON,SA,WY,0.0,0.0,Sidecountry Rider,Ski,1,,False,False,SA,False,Ski Area,False,False,,,False,
1956,1956,3,2,1956-03-02,MACE,TN,ID,0.0,0.0,Resident,Foot,1,,False,False,TN,False,Town/Urban,False,False,,,False,
1956,1956,2,19,1956-02-19,TUCKERMAN RAVINE,BC,NH,0.0,0.0,Climber,,1,,False,False,BC,False,Backcountry,False,False,,,False,
1955,1955,1,15,1955-01-15,SQUAW VALLEY,SA,CA,0.0,0.0,Inbounds Rider,Ski,1,,False,False,SA,False,Ski Area,False,False,,,False,
1954,1954,4,2,1954-04-02,MOON PASS,RD,ID,0.0,0.0,Highway Personnel,,1,,False,False,RD,False,Road,False,False,,,False,
1954,1954,2,28,1954-02-28,SITKA,SA,AK,0.0,0.0,Backcountry Tourer,Ski,2,,False,False,SA,False,Ski Area,False,False,,,False,
1954,1954,2,12,1954-02-12,MT WASHINGTON,BC,NH,0.0,0.0,Climber,,2,,False,False,BC,False,Backcountry,False,False,,,False,
1953,1953,5,26,1953-05-26,GLACIER NP,BC,MT,0.0,0.0,Highway Personnel,,2,,False,False,BC,False,Backcountry,False,False,,,False,
1953,1953,2,7,1953-02-07,SOURCE LAKE,BC,WA,0.0,0.0,Backcountry Tourer,Ski,1,,False,False,BC,False,Backcountry,False,False,,,False,
1952,1952,5,9,1952-05-09,SEWARD HWY,RD,AK,0.0,0.0,Motorist,,1,,False,False,RD,False,Road,False,False,,,False,
1952,1952,2,29,1952-02-29,COBALT,RD,ID,0.0,0.0,Highway Personnel,,1,,False,False,RD,False,Road,False,False,,,False,
1952,1952,1,19,1952-01-19,SUN VALLEY,SA,ID,0.0,0.0,Inbounds Rider,Ski,4,,False,False,SA,False,Ski Area,False,False,,,False,
1952,1952,1,14,1952-01-14,TWIN BRIDGES,RS,CA,0.0,0.0,Resident,Foot,2,,False,False,RS,False,Railroad,False,False,,,False,
1952,1952,1,7,1952-01-07,SILVERTON,RD,CO,0.0,0.0,Miner,,1,,False,False,RD,False,Road,False,False,,,False,
1952,1951,12,30,1951-12-30,WOLF CREEK PASS,RD,CO,0.0,0.0,Motorist,,2,,False,False,RD,False,Road,False,False,,,False,
1951,1951,4,25,1951-04-25,MONARCH PASS,RD,CO,0.0,0.0,Motorist,,2,,False,False,RD,False,Road,False,False,,,False,
